iter	RMSE
0	25.6253314
1	25.57502175
2	25.50766416
3	25.44144034
4	25.37566809
5	25.3218804
6	25.2562531
7	25.20322946
8	25.13909797
9	25.08683094
10	25.03472776
11	24.98300281
12	24.91972323
13	24.85687914
14	24.7951404
15	24.74428744
16	24.70194303
17	24.65233162
18	24.59187786
19	24.53835371
20	24.47869375
21	24.41944976
22	24.36061947
23	24.3015224
24	24.24283799
25	24.18523336
26	24.14240689
27	24.08546432
28	24.02892267
29	23.97893705
30	23.93350178
31	23.87736324
32	23.82162095
33	23.77733064
34	23.7222495
35	23.6813359
36	23.62761164
37	23.59894643
38	23.55589494
39	23.5133573
40	23.47089028
41	23.42769102
42	23.37503047
43	23.33332625
44	23.28786948
45	23.2437241
46	23.1922396
47	23.14178974
48	23.09911982
49	23.05677697
50	23.0071334
51	22.95784861
52	22.90892052
53	22.86034705
54	22.81145916
55	22.76358831
56	22.7160659
57	22.67480623
58	22.63660077
59	22.58920291
60	22.54281076
61	22.4967582
62	22.45038223
63	22.40895284
64	22.36773788
65	22.32231959
66	22.27788813
67	22.2331311
68	22.20395246
69	22.16592436
70	22.13176682
71	22.08796396
72	22.04512931
73	22.01298036
74	21.97006591
75	21.92746995
76	21.89320594
77	21.86028695
78	21.81910578
79	21.77823245
80	21.73702707
81	21.70058768
82	21.66050481
83	21.62453092
84	21.58957528
85	21.55508727
86	21.52684061
87	21.49160023
88	21.45277299
89	21.41360528
90	21.37536238
91	21.34253124
92	21.30956936
93	21.27203927
94	21.2341704
95	21.20579847
96	21.16843361
97	21.131968
98	21.0951654
99	21.05864316
100	21.02239951
101	20.98703653
102	20.95634353
103	20.92887499
104	20.90196389
105	20.87204546
106	20.84523854
107	20.81922415
108	20.78466526
109	20.75900004
110	20.72543539
111	20.70140829
112	20.67142182
113	20.63795175
114	20.606953
115	20.58476412
116	20.56270349
117	20.53971188
118	20.51795302
119	20.4964529
120	20.46406457
121	20.43423281
122	20.40619441
123	20.37497489
124	20.34561908
125	20.31419786
126	20.28649527
127	20.25550502
128	20.2247567
129	20.19482058
130	20.16454777
131	20.14394814
132	20.11405012
133	20.0859568
134	20.06475983
135	20.04251592
136	20.01386338
137	19.98543685
138	19.96006455
139	19.93953332
140	19.91242005
141	19.88973274
142	19.86214729
143	19.83422091
144	19.8081633
145	19.78756728
146	19.76071437
147	19.734075
148	19.70709337
149	19.68856027
150	19.66192522
151	19.63550225
152	19.60983409
153	19.58437118
154	19.563324
155	19.53818483
156	19.51324716
157	19.48850955
158	19.46653213
159	19.44389178
160	19.41914544
161	19.40222123
162	19.37788221
163	19.35405851
164	19.32989078
165	19.30774918
166	19.28391459
167	19.26080053
168	19.23787348
169	19.21726495
170	19.20066902
171	19.17652045
172	19.15554616
173	19.13649152
174	19.11727448
175	19.10088497
176	19.0802935
177	19.06520733
178	19.04348227
179	19.02562184
180	19.00811177
181	18.98843791
182	18.96626073
183	18.94913103
184	18.93206355
185	18.92266452
186	18.89953108
187	18.88192548
188	18.86121316
189	18.84177982
190	18.8213692
191	18.79989572
192	18.78082334
193	18.7608076
194	18.74612884
195	18.72711606
196	18.71336504
197	18.69575434
198	18.67432756
199	18.66054144
200	18.64207562
201	18.62379788
202	18.60470443
203	18.58605874
204	18.56786717
205	18.54709845
206	18.52849469
207	18.50798851
208	18.4896269
209	18.46938001
210	18.45372454
211	18.43518336
212	18.41970279
213	18.40189185
214	18.38485381
215	18.36680152
216	18.34937985
217	18.33411048
218	18.31915471
219	18.30025938
220	18.28383342
221	18.26546496
222	18.25077046
223	18.231909
224	18.21304199
225	18.19647604
226	18.1809156
227	18.16663496
228	18.14957452
229	18.13799716
230	18.12687613
231	18.10939248
232	18.09569133
233	18.08347512
234	18.06630096
235	18.04786432
236	18.03726593
237	18.02562272
238	18.00728414
239	17.99208608
240	17.9773282
241	17.96205447
242	17.94830226
243	17.93096474
244	17.91939041
245	17.90203951
246	17.88564293
247	17.8679022
248	17.85700108
249	17.84797283
250	17.833938
251	17.82305367
252	17.8081252
253	17.79377011
254	17.78592712
255	17.77890458
256	17.76843196
257	17.75183991
258	17.73729556
259	17.7270921
260	17.71056041
261	17.69416849
262	17.68017325
263	17.66335745
264	17.65224109
265	17.64233286
266	17.63209439
267	17.61857652
268	17.60677169
269	17.59994263
270	17.58901485
271	17.57574426
272	17.56338623
273	17.54658741
274	17.53650249
275	17.52257841
276	17.50634752
277	17.49046893
278	17.47490819
279	17.45918035
280	17.44907451
281	17.43877468
282	17.42647195
283	17.41357768
284	17.3998643
285	17.38967374
286	17.37846396
287	17.36403291
288	17.3489471
289	17.33597011
290	17.32638778
291	17.31197673
292	17.29625287
293	17.28384736
294	17.27164309
295	17.26630448
296	17.25961795
297	17.24772978
298	17.23232186
299	17.21806716
300	17.20999209
301	17.19478915
302	17.1828142
303	17.17168805
304	17.16103637
305	17.14716393
306	17.13549497
307	17.12398836
308	17.11501798
309	17.10086065
310	17.08902066
311	17.07928531
312	17.07116171
313	17.05805745
314	17.05154398
315	17.04309351
316	17.03147813
317	17.0206236
318	17.01391094
319	17.00330944
320	16.99043938
321	16.98336007
322	16.96897108
323	16.95712158
324	16.94476127
325	16.93125462
326	16.91715286
327	16.90634109
328	16.89310853
329	16.87933518
330	16.86553192
331	16.85546859
332	16.84747413
333	16.83829311
334	16.82477197
335	16.8153608
336	16.80228597
337	16.79172677
338	16.78361229
339	16.77014548
340	16.76223293
341	16.7486663
342	16.74181692
343	16.73092878
344	16.72281155
345	16.71031688
346	16.70378966
347	16.69243212
348	16.67954289
349	16.66947754
350	16.66093612
351	16.64860649
352	16.63889267
353	16.62601025
354	16.61488679
355	16.60739583
356	16.5968662
357	16.58969451
358	16.58431015
359	16.57525913
360	16.5666572
361	16.55429268
362	16.54593646
363	16.53464632
364	16.52563953
365	16.51318266
366	16.49994415
367	16.49007496
368	16.48146922
369	16.47019527
370	16.46527324
371	16.45618496
372	16.44809912
373	16.43593746
374	16.42931364
375	16.42029206
376	16.41275468
377	16.40584408
378	16.39761367
379	16.38581277
380	16.37659209
381	16.36733028
382	16.3612212
383	16.35038414
384	16.34348141
385	16.33575981
386	16.32812468
387	16.32279231
388	16.31670144
389	16.31064479
390	16.29996571
391	16.29243159
392	16.28342135
393	16.27257418
394	16.26486117
395	16.25657957
396	16.25014963
397	16.24194286
398	16.23045961
399	16.21970981
400	16.20846763
401	16.20248408
402	16.19419952
403	16.18556809
404	16.17595067
405	16.17271145
406	16.16560002
407	16.15987035
408	16.15162172
409	16.13981822
410	16.13237109
411	16.12669355
412	16.11928991
413	16.10894661
414	16.10158193
415	16.09610043
416	16.08801103
417	16.08248974
418	16.07707061
419	16.06632643
420	16.05725876
421	16.04966335
422	16.04281043
423	16.03622
424	16.0286833
425	16.02140995
426	16.01401118
427	16.00300703
428	15.99504942
429	15.98644018
430	15.9786864
431	15.97289719
432	15.96845246
433	15.95936364
434	15.95419302
435	15.94890076
436	15.94292376
437	15.93970171
438	15.93353449
439	15.92490292
440	15.91685287
441	15.90832207
442	15.90258376
443	15.89745363
444	15.89141069
445	15.88297831
446	15.87789579
447	15.87175075
448	15.86295662
449	15.85733945
450	15.84712664
451	15.84001039
452	15.83175064
453	15.82457934
454	15.81808335
455	15.80907264
456	15.80355943
457	15.79681785
458	15.79198156
459	15.78545007
460	15.77553052
461	15.76866005
462	15.7588726
463	15.75222758
464	15.74864017
465	15.74320666
466	15.73470099
467	15.72461702
468	15.71739271
469	15.71209485
470	15.70713108
471	15.69898726
472	15.69192398
473	15.68658422
474	15.68007606
475	15.67432473
476	15.66677417
477	15.66200239
478	15.65518213
479	15.64879202
480	15.64118092
481	15.63228399
482	15.62615076
483	15.62396203
484	15.61767559
485	15.60824458
486	15.5991327
487	15.59275693
488	15.58753583
489	15.57984254
490	15.57394101
491	15.56877679
492	15.56245028
493	15.55316967
494	15.5472489
495	15.54155727
496	15.5372553
497	15.53184287
498	15.52578929
499	15.51486144
500	15.51039685
501	15.50435641
502	15.4984222
503	15.48906292
504	15.48491098
505	15.47920678
506	15.47222077
507	15.46587812
508	15.45793454
509	15.45192167
510	15.44785246
511	15.44391457
512	15.43921031
513	15.43436114
514	15.424636
515	15.41743791
516	15.41030128
517	15.40452777
518	15.40040633
519	15.3954375
520	15.38866493
521	15.38152594
522	15.37689933
523	15.37200311
524	15.36798559
525	15.36201851
526	15.35499467
527	15.34626876
528	15.34199961
529	15.33723156
530	15.33245349
531	15.32709095
532	15.3213135
533	15.31742624
534	15.31383553
535	15.30699589
536	15.3005945
537	15.29226007
538	15.28809002
539	15.28373724
540	15.27678416
541	15.26886863
542	15.26418426
543	15.25879991
544	15.25497073
545	15.24923982
546	15.24230941
547	15.23931161
548	15.23351824
549	15.22831121
550	15.2246098
551	15.22033366
552	15.21515323
553	15.21039216
554	15.2020938
555	15.19366155
556	15.18824021
557	15.18308356
558	15.17630541
559	15.17202741
560	15.16731925
561	15.15989543
562	15.15417835
563	15.15052955
564	15.14590456
565	15.14140386
566	15.1367599
567	15.13170569
568	15.12725952
569	15.1201081
570	15.11494475
571	15.10838701
572	15.10418972
573	15.09526893
574	15.09087838
575	15.08676489
576	15.07857808
577	15.07227135
578	15.06788223
579	15.06240102
580	15.05872625
581	15.05155626
582	15.04335428
583	15.03928418
584	15.03621746
585	15.03222515
586	15.02893079
587	15.02497459
588	15.01789782
589	15.01201434
590	15.00704107
591	15.00242243
592	14.99787148
593	14.9906999
594	14.98684867
595	14.97984862
596	14.97347039
597	14.96504573
598	14.95887596
599	14.95460382
600	14.95034464
601	14.94413768
602	14.9391275
603	14.93500645
604	14.9309184
605	14.92669065
606	14.92306226
607	14.91844051
608	14.91354355
609	14.90871546
610	14.9019661
611	14.89597023
612	14.89227728
613	14.88735235
614	14.88401408
615	14.87645927
616	14.87276584
617	14.86862168
618	14.86155157
619	14.8567917
620	14.85020396
621	14.84652416
622	14.84239852
623	14.8389724
624	14.83636961
625	14.83101517
626	14.82339993
627	14.8143554
628	14.8105167
629	14.80567082
630	14.80064654
631	14.79418444
632	14.78776184
633	14.78238889
634	14.77835119
635	14.77434571
636	14.76885147
637	14.76000834
638	14.75560546
639	14.75068887
640	14.74560795
641	14.74045857
642	14.73176005
643	14.72611078
644	14.7232373
645	14.718555
646	14.71090843
647	14.70588299
648	14.70079199
649	14.69619261
650	14.69275598
651	14.6902217
652	14.68620037
653	14.68229126
654	14.67677519
655	14.67341045
656	14.66956204
657	14.66514124
658	14.66090079
659	14.65588182
660	14.65095041
661	14.6466146
662	14.64137057
663	14.63792656
664	14.63273334
665	14.62912433
666	14.62533847
667	14.62091591
668	14.61755557
669	14.61241097
670	14.60898772
671	14.60288165
672	14.59568299
673	14.59011228
674	14.58564864
675	14.58144851
676	14.57450419
677	14.57188197
678	14.57029354
679	14.56744996
680	14.56021503
681	14.55522976
682	14.55182821
683	14.54811662
684	14.54379343
685	14.54123982
686	14.53317232
687	14.52951104
688	14.52533104
689	14.5227144
690	14.51918415
691	14.51602286
692	14.51058077
693	14.50585114
694	14.49975782
695	14.49494033
696	14.49265941
697	14.48868922
698	14.48512507
699	14.48184131
700	14.47823076
701	14.47200812
702	14.46750949
703	14.46494627
704	14.45922704
705	14.45444776
706	14.45068955
707	14.44654832
708	14.44004493
709	14.43728567
710	14.4350602
711	14.4316106
712	14.42795028
713	14.42295584
714	14.41889691
715	14.41550261
716	14.41239547
717	14.40904431
718	14.40232895
719	14.39957823
720	14.39557763
721	14.39185818
722	14.38840049
723	14.38568486
724	14.38112563
725	14.37720514
726	14.37473472
727	14.37078685
728	14.36781061
729	14.36510509
730	14.36145691
731	14.35789247
732	14.35508225
733	14.35182512
734	14.34830148
735	14.34348459
736	14.34027071
737	14.33682475
738	14.33138006
739	14.32677931
740	14.32305108
741	14.32094066
742	14.3147883
743	14.31161581
744	14.30955092
745	14.30588065
746	14.30038736
747	14.29748306
748	14.29324265
749	14.29067129
750	14.28447965
751	14.28211808
752	14.27683509
753	14.27481832
754	14.27061871
755	14.26801107
756	14.26394163
757	14.25894059
758	14.2525136
759	14.24944953
760	14.24641029
761	14.24245301
762	14.2396845
763	14.23492109
764	14.22830726
765	14.22338004
766	14.22051049
767	14.21836792
768	14.21532538
769	14.21298567
770	14.20933974
771	14.20639575
772	14.20350823
773	14.19996372
774	14.19609428
775	14.19101475
776	14.18593147
777	14.18000329
778	14.17705604
779	14.17363706
780	14.16891462
781	14.16540501
782	14.16280537
783	14.16116474
784	14.15539312
785	14.15196284
786	14.14835358
787	14.14546369
788	14.14301224
789	14.138061
790	14.13593199
791	14.13307978
792	14.13163833
793	14.12718438
794	14.12448412
795	14.11954979
796	14.11660459
797	14.1121632
798	14.10933968
799	14.10696994
800	14.10192905
801	14.09787213
802	14.09394778
803	14.0896998
804	14.08639304
805	14.08268515
806	14.07734546
807	14.07371951
808	14.07045583
809	14.06580196
810	14.06211529
811	14.06027097
812	14.05557717
813	14.05307533
814	14.05113097
815	14.04792138
816	14.04230133
817	14.03664242
818	14.03357938
819	14.03002354
820	14.02796314
821	14.02568205
822	14.02280973
823	14.02079889
824	14.01487657
825	14.01181307
826	14.00995264
827	14.00716637
828	14.00532462
829	14.00131037
830	13.99767027
831	13.9935554
832	13.98932466
833	13.98647181
834	13.98321005
835	13.98054414
836	13.97880084
837	13.97423088
838	13.9724383
839	13.96983576
840	13.96493092
841	13.96150503
842	13.9568184
843	13.95318181
844	13.95057667
845	13.94721876
846	13.94440026
847	13.9418313
848	13.93828559
849	13.93687649
850	13.93407462
851	13.92938235
852	13.92404763
853	13.92150113
854	13.91980086
855	13.9172722
856	13.91361578
857	13.91144011
858	13.90980672
859	13.90673981
860	13.90348371
861	13.89816775
862	13.89466599
863	13.89020501
864	13.88565453
865	13.88132513
866	13.87993921
867	13.87826515
868	13.8755247
869	13.87432037
870	13.87123063
871	13.86897865
872	13.86622011
873	13.8629165
874	13.85995161
875	13.85862705
876	13.85234095
877	13.84558993
878	13.8414297
879	13.83868718
880	13.83628967
881	13.83293218
882	13.82956754
883	13.82719631
884	13.82462503
885	13.82150088
886	13.8185175
887	13.81284636
888	13.80722682
889	13.8042021
890	13.80270203
891	13.79849697
892	13.79661639
893	13.79591871
894	13.79304972
895	13.78900437
896	13.7862884
897	13.78217306
898	13.77970391
899	13.7767113
900	13.77349498
901	13.77119905
902	13.7651791
903	13.76220039
904	13.75876234
905	13.75589585
906	13.75362283
907	13.74966427
908	13.7481482
909	13.74591717
910	13.73979232
911	13.73661138
912	13.73255917
913	13.72649931
914	13.7225595
915	13.71963422
916	13.71814277
917	13.71588896
918	13.71271989
919	13.70927312
920	13.70604245
921	13.70087784
922	13.69879637
923	13.69496416
924	13.69079206
925	13.68857382
926	13.68681561
927	13.68478188
928	13.68258903
929	13.67818731
930	13.67547767
931	13.6727108
932	13.66959395
933	13.66585829
934	13.66460626
935	13.6609549
936	13.65926184
937	13.65756455
938	13.65467271
939	13.65250922
940	13.65016978
941	13.64526709
942	13.63939905
943	13.63735483
944	13.63362189
945	13.63319844
946	13.63066445
947	13.62485149
948	13.62373064
949	13.62232458
950	13.61656172
951	13.61381912
952	13.60866871
953	13.60404956
954	13.60123774
955	13.59809506
956	13.59603491
957	13.59006279
958	13.58640508
959	13.58459505
960	13.58186036
961	13.57976098
962	13.57432227
963	13.57289891
964	13.56819778
965	13.56678012
966	13.56444781
967	13.56268703
968	13.56030672
969	13.55760319
970	13.55639728
971	13.55510141
972	13.55384993
973	13.55062275
974	13.54897344
975	13.54623141
976	13.54485301
977	13.54429437
978	13.53898757
979	13.5369859
980	13.53529755
981	13.53348822
982	13.52988131
983	13.5267132
984	13.52475622
985	13.52281535
986	13.52250859
987	13.51711861
988	13.5151862
989	13.51400792
990	13.50883452
991	13.50724629
992	13.50533631
993	13.50222116
994	13.49777084
995	13.49621562
996	13.49277144
997	13.49108029
998	13.48598307
999	13.48258019
1000	13.48097056
1001	13.47596114
1002	13.4707855
1003	13.46870677
1004	13.46713593
1005	13.46201615
1006	13.45982957
1007	13.45647542
1008	13.45315133
1009	13.45261658
1010	13.44986651
1011	13.44803555
1012	13.44558343
1013	13.44172171
1014	13.44055059
1015	13.43855002
1016	13.43672521
1017	13.43180158
1018	13.42678221
1019	13.42396042
1020	13.42214424
1021	13.41892898
1022	13.41631958
1023	13.41481315
1024	13.41250424
1025	13.40811363
1026	13.40650074
1027	13.40345138
1028	13.40087501
1029	13.395381
1030	13.39322055
1031	13.39025009
1032	13.38707187
1033	13.38392217
1034	13.37908483
1035	13.37602211
1036	13.3714572
1037	13.36677325
1038	13.36451157
1039	13.36086369
1040	13.35776971
1041	13.35470412
1042	13.35135603
1043	13.34661025
1044	13.34488852
1045	13.34014491
1046	13.33807269
1047	13.33736345
1048	13.33434415
1049	13.33394555
1050	13.33221677
1051	13.32936849
1052	13.32768505
1053	13.32540213
1054	13.32370666
1055	13.32135518
1056	13.31858443
1057	13.31587345
1058	13.31364639
1059	13.3123682
1060	13.30787447
1061	13.30704342
1062	13.30515258
1063	13.30245139
1064	13.30013748
1065	13.29796868
1066	13.29341303
1067	13.29167024
1068	13.28938761
1069	13.28827788
1070	13.28636046
1071	13.28520459
1072	13.28228209
1073	13.28037809
1074	13.27966882
1075	13.27728175
1076	13.2763201
1077	13.27597422
1078	13.27296461
1079	13.26947805
1080	13.26573037
1081	13.26309709
1082	13.25844633
1083	13.25729417
1084	13.25599169
1085	13.25373383
1086	13.25153785
1087	13.2476591
1088	13.24710932
1089	13.24378193
1090	13.24114125
1091	13.23831334
1092	13.23651882
1093	13.23490001
1094	13.23036663
1095	13.22949475
1096	13.22600549
1097	13.22341754
1098	13.21894214
1099	13.21708574
1100	13.21242734
1101	13.21146541
1102	13.20639612
1103	13.20464435
1104	13.20350972
1105	13.20208628
1106	13.19956538
1107	13.19871683
1108	13.19651049
1109	13.19556541
1110	13.19398632
1111	13.19217311
1112	13.18965468
1113	13.18697805
1114	13.1851569
1115	13.18305936
1116	13.18085517
1117	13.17834138
1118	13.17631081
1119	13.1743557
1120	13.17078905
1121	13.1692603
1122	13.16613332
1123	13.16379941
1124	13.16209337
1125	13.15961949
1126	13.15850803
1127	13.15430546
1128	13.15188337
1129	13.15133485
1130	13.14941522
1131	13.14832346
1132	13.14787754
1133	13.14541462
1134	13.14431422
1135	13.1422901
1136	13.14034795
1137	13.1377413
1138	13.13582788
1139	13.13499217
1140	13.13365076
1141	13.13155256
1142	13.13121112
1143	13.12992964
1144	13.12938695
1145	13.12753501
1146	13.12606164
1147	13.12515939
1148	13.12164573
1149	13.12016866
1150	13.11910759
1151	13.11764791
1152	13.1144477
1153	13.1140083
1154	13.11311915
1155	13.11268172
1156	13.10869255
1157	13.1076481
1158	13.10630422
1159	13.10234888
1160	13.10181284
1161	13.09759914
1162	13.0951014
1163	13.09325023
1164	13.09192114
1165	13.08775031
1166	13.08538777
1167	13.08273268
1168	13.0812958
1169	13.0772651
1170	13.07585979
1171	13.07514643
1172	13.07393586
1173	13.07305282
1174	13.07164026
1175	13.06806978
1176	13.06394757
1177	13.05960518
1178	13.05830337
1179	13.05759527
1180	13.05541385
1181	13.05383715
1182	13.05295685
1183	13.05063053
1184	13.04684932
1185	13.04457511
1186	13.04310486
1187	13.03983959
1188	13.03930964
1189	13.03812136
1190	13.03461346
1191	13.03223904
1192	13.03171236
1193	13.028021
1194	13.02701995
1195	13.02658895
1196	13.02559433
1197	13.02097436
1198	13.01976379
1199	13.01724493
1200	13.01589621
1201	13.01319209
1202	13.0112025
1203	13.00893854
1204	13.00755543
1205	13.0053204
1206	13.00417531
1207	13.00292172
1208	12.9990823
1209	12.99527476
1210	12.9927123
1211	12.99183856
1212	12.98994738
1213	12.98651029
1214	12.98292088
1215	12.98018673
1216	12.97966671
1217	12.97826915
1218	12.97664604
1219	12.97284538
1220	12.97196836
1221	12.96808825
1222	12.96709369
1223	12.96532275
1224	12.9643027
1225	12.96334797
1226	12.96247098
1227	12.95931299
1228	12.9588874
1229	12.95793725
1230	12.95496057
1231	12.95307737
1232	12.95064409
1233	12.94660786
1234	12.94459298
1235	12.94226736
1236	12.94175096
1237	12.93928127
1238	12.9372279
1239	12.93627109
1240	12.93366604
1241	12.93240787
1242	12.93075072
1243	12.92987954
1244	12.92627097
1245	12.92534217
1246	12.9245225
1247	12.9224438
1248	12.91883941
1249	12.91513108
1250	12.91344163
1251	12.91221995
1252	12.9111328
1253	12.91062124
1254	12.9095
1255	12.90597088
1256	12.9045561
1257	12.90365116
1258	12.90254075
1259	12.90165344
1260	12.90136373
1261	12.90046913
1262	12.89996279
1263	12.89630881
1264	12.89541827
1265	12.89194748
1266	12.89105863
1267	12.88997653
1268	12.88602862
1269	12.88515051
1270	12.88233435
1271	12.87892538
1272	12.8773804
1273	12.87473033
1274	12.87369014
1275	12.87216452
1276	12.86938279
1277	12.86581694
1278	12.86470431
1279	12.86108194
1280	12.86020833
1281	12.8591062
1282	12.85829101
1283	12.85645856
1284	12.85595979
1285	12.85546228
1286	12.85496602
1287	12.85381461
1288	12.85169408
1289	12.84896217
1290	12.84766527
1291	12.84680775
1292	12.84631343
1293	12.84582036
1294	12.84496896
1295	12.84145146
1296	12.83816005
1297	12.83775243
1298	12.83726142
1299	12.83641905
1300	12.83496974
1301	12.8312005
1302	12.82773279
1303	12.8267805
1304	12.82334283
1305	12.8228542
1306	12.81949548
1307	12.81859415
1308	12.81731646
1309	12.81308937
1310	12.8095598
1311	12.80841288
1312	12.80758333
1313	12.80546513
1314	12.80497963
1315	12.80457998
1316	12.80241737
1317	12.80053528
1318	12.79990394
1319	12.79888512
1320	12.79848812
1321	12.79572599
1322	12.79510167
1323	12.79422616
1324	12.79374521
1325	12.79035572
1326	12.78987575
1327	12.78824369
1328	12.786994
1329	12.78651546
1330	12.78564379
1331	12.78516701
1332	12.7834153
1333	12.78157324
1334	12.78075012
1335	12.77993164
1336	12.77778092
1337	12.77640048
1338	12.77575571
1339	12.77257456
1340	12.77176545
1341	12.7709609
1342	12.77061889
1343	12.76728032
1344	12.76680913
1345	12.76589568
1346	12.76271773
1347	12.75956483
1348	12.75724784
1349	12.75638064
1350	12.75323609
1351	12.75276835
1352	12.74910146
1353	12.74863456
1354	12.74744373
1355	12.74697783
1356	12.74374822
1357	12.74296638
1358	12.74250195
1359	12.73907539
1360	12.73774881
1361	12.73451524
1362	12.73238928
1363	12.73081221
1364	12.72878383
1365	12.72790479
1366	12.72730612
1367	12.72692321
1368	12.72646268
1369	12.72559158
1370	12.72255432
1371	12.72168534
1372	12.72082297
1373	12.71953103
1374	12.71782766
1375	12.71687395
1376	12.71602063
1377	12.71556383
1378	12.71510818
1379	12.71465368
1380	12.71345287
1381	12.71138952
1382	12.71093553
1383	12.70968695
1384	12.70650992
1385	12.70567143
1386	12.70412794
1387	12.70287888
1388	12.69961319
1389	12.69886377
1390	12.69841125
1391	12.69795988
1392	12.69483072
1393	12.69438029
1394	12.6910231
1395	12.69028254
1396	12.68983456
1397	12.68761842
1398	12.68701367
1399	12.68303237
1400	12.68258642
1401	12.67952444
1402	12.67868739
1403	12.67794936
1404	12.67720043
1405	12.67512618
1406	12.67468401
1407	12.67424296
1408	12.67380303
1409	12.67086633
1410	12.67042728
1411	12.66751453
1412	12.66545169
1413	12.66501351
1414	12.66442424
1415	12.66122131
1416	12.6604981
1417	12.66006196
1418	12.6591731
1419	12.65873896
1420	12.65802121
1421	12.6571943
1422	12.65676235
1423	12.65594193
1424	12.65422066
1425	12.65379029
1426	12.65321347
1427	12.65238252
1428	12.65195428
1429	12.65152713
1430	12.65110105
1431	12.64832312
1432	12.64789812
1433	12.64468219
1434	12.64425813
1435	12.64215463
1436	12.63851084
1437	12.63753598
1438	12.63717884
1439	12.63661026
1440	12.63618802
1441	12.63524781
1442	12.63258711
1443	12.63178932
1444	12.63136819
1445	12.62867753
1446	12.62825804
1447	12.6275686
1448	12.62705519
1449	12.62388321
1450	12.62346512
1451	12.62304808
1452	12.6226321
1453	12.62054679
1454	12.61757033
1455	12.61457807
1456	12.61241351
1457	12.6108088
1458	12.61039505
1459	12.60836051
1460	12.60606779
1461	12.60490867
1462	12.60449631
1463	12.60408498
1464	12.60028174
1465	12.59987213
1466	12.59946355
1467	12.59831943
1468	12.59605449
1469	12.59570642
1470	12.59529991
1471	12.59219438
1472	12.59079135
1473	12.5903855
1474	12.58813718
1475	12.58773234
1476	12.58732852
1477	12.58424433
1478	12.58221153
1479	12.57881845
1480	12.57725793
1481	12.57524428
1482	12.57484126
1483	12.57058578
1484	12.5686797
1485	12.56827775
1486	12.56559289
1487	12.56252344
1488	12.56155759
1489	12.56115628
1490	12.56075597
1491	12.55795911
1492	12.55761724
1493	12.5555767
1494	12.55517768
1495	12.55331526
1496	12.55291711
1497	12.5495335
1498	12.54913562
1499	12.54729946
1500	12.544274
1501	12.54387673
1502	12.54348047
1503	12.54308521
1504	12.53975083
1505	12.53893202
1506	12.53592978
1507	12.53448469
1508	12.53260269
1509	12.5310001
1510	12.52803408
1511	12.52499835
1512	12.52210367
1513	12.52027341
1514	12.51921966
1515	12.51882659
1516	12.51843451
1517	12.51804342
1518	12.51622655
1519	12.51419943
1520	12.51200673
1521	12.51161635
1522	12.51122696
1523	12.50822964
1524	12.50642417
1525	12.50398934
1526	12.50330989
1527	12.50292292
1528	12.50113915
1529	12.49830676
1530	12.49532438
1531	12.4932712
1532	12.49235292
1533	12.49196664
1534	12.48906159
1535	12.48867611
1536	12.48572737
1537	12.48375632
1538	12.48337169
1539	12.48256396
1540	12.47992676
1541	12.47665803
1542	12.47486824
1543	12.47213084
1544	12.4703536
1545	12.46841201
1546	12.46439916
1547	12.46401542
1548	12.46162612
1549	12.45961778
1550	12.4592344
1551	12.45747754
1552	12.45714691
1553	12.45676484
1554	12.4538818
1555	12.45313385
1556	12.45122002
1557	12.45083952
1558	12.44760308
1559	12.44674325
1560	12.44388162
1561	12.4435021
1562	12.44312354
1563	12.44213835
1564	12.44168298
1565	12.44130675
1566	12.44093147
1567	12.44027675
1568	12.43837463
1569	12.43800079
1570	12.4376279
1571	12.43730513
1572	12.43483352
1573	12.43294964
1574	12.43055536
1575	12.42771248
1576	12.42734137
1577	12.42413955
1578	12.42132111
1579	12.41858158
1580	12.41821041
1581	12.416168
1582	12.41579756
1583	12.41440065
1584	12.41123152
1585	12.41086155
1586	12.41049251
1587	12.40735034
1588	12.40698198
1589	12.40661455
1590	12.40349909
1591	12.40092356
1592	12.398112
1593	12.39774496
1594	12.39737885
1595	12.39701366
1596	12.39422937
1597	12.39386494
1598	12.3912403
1599	12.38818255
1600	12.38653187
1601	12.38616784
1602	12.38470128
1603	12.38282212
1604	12.38245881
1605	12.38209642
1606	12.38173494
1607	12.38077732
1608	12.38041663
1609	12.37855377
1610	12.37553144
1611	12.37517141
1612	12.37405094
1613	12.37369168
1614	12.37333333
1615	12.37297588
1616	12.37261934
1617	12.36962172
1618	12.36926583
1619	12.36763123
1620	12.36727613
1621	12.36692192
1622	12.36496375
1623	12.36461037
1624	12.36425789
1625	12.36297963
1626	12.36262787
1627	12.362277
1628	12.36043152
1629	12.36008154
1630	12.35734629
1631	12.35540237
1632	12.35505305
1633	12.35470462
1634	12.35435706
1635	12.35401038
1636	12.35366458
1637	12.35331965
1638	12.35297559
1639	12.35026595
1640	12.34992266
1641	12.34958023
1642	12.34661694
1643	12.34627515
1644	12.34450652
1645	12.34416541
1646	12.34122617
1647	12.34088569
1648	12.34042673
1649	12.34008757
1650	12.33815451
1651	12.33417002
1652	12.33125763
1653	12.32678608
1654	12.32644767
1655	12.3261101
1656	12.32471918
1657	12.3228148
1658	12.32099984
1659	12.32066329
1660	12.31877211
1661	12.31843635
1662	12.31663843
1663	12.31375466
1664	12.31110321
1665	12.31076797
1666	12.30888949
1667	12.30855504
1668	12.30576549
1669	12.30136709
1670	12.29960944
1671	12.29786633
1672	12.29644717
1673	12.29611366
1674	12.295781
1675	12.29306638
1676	12.29133391
1677	12.29100177
1678	12.29067046
1679	12.29033999
1680	12.29001036
1681	12.28915948
1682	12.28756522
1683	12.28723662
1684	12.28439377
1685	12.28288361
1686	12.28255545
1687	12.28222811
1688	12.2819016
1689	12.28012909
1690	12.27933543
1691	12.27901013
1692	12.27868566
1693	12.27836201
1694	12.27803917
1695	12.27771715
1696	12.27739595
1697	12.27563679
1698	12.27282188
1699	12.27004361
1700	12.26972274
1701	12.26940268
1702	12.26727618
1703	12.26555705
1704	12.26523763
1705	12.26369199
1706	12.26178983
1707	12.25968309
1708	12.25936399
1709	12.25904569
1710	12.2587282
1711	12.25737695
1712	12.254702
1713	12.25189959
1714	12.25158277
1715	12.25126675
1716	12.24942654
1717	12.24911126
1718	12.2474098
1719	12.24491021
1720	12.24308674
1721	12.24277158
1722	12.2424572
1723	12.24089031
1724	12.23920244
1725	12.23642476
1726	12.23474973
1727	12.23392069
1728	12.23307852
1729	12.23032397
1730	12.22759577
1731	12.22728223
1732	12.22455098
1733	12.22285978
1734	12.22254682
1735	12.22223465
1736	12.21796
1737	12.21445022
1738	12.214029
1739	12.213718
1740	12.21340777
1741	12.21169972
1742	12.21003018
1743	12.20734139
1744	12.20547484
1745	12.20516565
1746	12.20485725
1747	12.2026283
1748	12.20001175
1749	12.19970462
1750	12.19706479
1751	12.19675831
1752	12.1964526
1753	12.19614766
1754	12.1958435
1755	12.19162374
1756	12.18996159
1757	12.18965809
1758	12.18787693
1759	12.18441459
1760	12.18182952
1761	12.17868016
1762	12.17599487
1763	12.17333293
1764	12.17292691
1765	12.17127604
1766	12.1686545
1767	12.16835124
1768	12.16575098
1769	12.16544834
1770	12.16339135
1771	12.16119771
1772	12.15955942
1773	12.15925727
1774	12.15774428
1775	12.15744279
1776	12.15714207
1777	12.1568421
1778	12.15508399
1779	12.15390699
1780	12.15288114
1781	12.15024143
1782	12.14849955
1783	12.14819968
1784	12.14790056
1785	12.14547927
1786	12.14403531
1787	12.14253698
1788	12.14090547
1789	12.13918115
1790	12.13888188
1791	12.13476547
1792	12.13342269
1793	12.13080647
1794	12.12867239
1795	12.12607941
1796	12.12380501
1797	12.12125194
1798	12.11958711
1799	12.11705198
1800	12.11675274
1801	12.11474035
1802	12.11222452
1803	12.1119255
1804	12.11162724
1805	12.10997019
1806	12.10834961
1807	12.10674246
1808	12.10644463
1809	12.10614756
1810	12.10585124
1811	12.10178266
1812	12.10148716
1813	12.1011924
1814	12.10089839
1815	12.09890309
1816	12.09655369
1817	12.0962596
1818	12.09596625
1819	12.09567364
1820	12.09408091
1821	12.0915598
1822	12.09066733
1823	12.0903762
1824	12.0900858
1825	12.08841159
1826	12.08812188
1827	12.08495513
1828	12.08466666
1829	12.08437892
1830	12.08409191
1831	12.08088808
1832	12.07688028
1833	12.07438131
1834	12.07279581
1835	12.07113881
1836	12.07085185
1837	12.06920469
1838	12.06665473
1839	12.06636826
1840	12.06608251
1841	12.06444501
1842	12.06415994
1843	12.06285221
1844	12.06079316
1845	12.05831013
1846	12.05802577
1847	12.05774213
1848	12.05379891
1849	12.05134026
1850	12.05105788
1851	12.04748762
1852	12.04626571
1853	12.04598429
1854	12.04570358
1855	12.04542358
1856	12.04516003
1857	12.04354256
1858	12.04193895
1859	12.04065647
1860	12.04039402
1861	12.04011566
1862	12.03983799
1863	12.03753946
1864	12.03551733
1865	12.03300932
1866	12.03273243
1867	12.03156967
1868	12.03030848
1869	12.02784974
1870	12.026268
1871	12.02382808
1872	12.02207991
1873	12.02180304
1874	12.0192756
1875	12.01899926
1876	12.0174321
1877	12.01585053
1878	12.0119925
1879	12.01085073
1880	12.01057486
1881	12.01029968
1882	12.0100252
1883	12.00975141
1884	12.00724567
1885	12.00410499
1886	12.0038313
1887	12.00237279
1888	12.00211574
1889	12.001843
1890	12.00075586
1891	11.99920018
1892	11.99747966
1893	11.99720709
1894	11.99479468
1895	11.99452269
1896	11.99425138
1897	11.99128235
1898	11.98901941
1899	11.98683603
1900	11.9835663
1901	11.98186236
1902	11.98159049
1903	11.97942361
1904	11.97698326
1905	11.97671241
1906	11.97323541
1907	11.97296531
1908	11.97050499
1909	11.9702354
1910	11.96996649
1911	11.96842348
1912	11.96686993
1913	11.96443087
1914	11.9628918
1915	11.96152333
1916	11.96125469
1917	11.95748255
1918	11.95721466
1919	11.95694744
1920	11.95496989
1921	11.95372392
1922	11.95175735
1923	11.95149065
1924	11.94996275
1925	11.94755351
1926	11.94728716
1927	11.94702149
1928	11.9446329
1929	11.94436774
1930	11.94410324
1931	11.94173513
1932	11.94147113
1933	11.93774935
1934	11.93540351
1935	11.93345663
1936	11.93319319
1937	11.93293042
1938	11.93124463
1939	11.92957401
1940	11.92747267
1941	11.92526675
1942	11.92455716
1943	11.9242945
1944	11.92403251
1945	11.92220015
1946	11.91988346
1947	11.91882844
1948	11.91653154
1949	11.91626942
1950	11.9147534
1951	11.91247541
1952	11.91010131
1953	11.90890602
1954	11.90756191
1955	11.90589879
1956	11.90439665
1957	11.90214301
1958	11.90064799
1959	11.89890438
1960	11.89603162
1961	11.89238791
1962	11.89089996
1963	11.89063677
1964	11.8885989
1965	11.88742635
1966	11.88540955
1967	11.88376759
1968	11.88142545
1969	11.88116297
1970	11.88090116
1971	11.87942007
1972	11.87915892
1973	11.87889843
1974	11.87692965
1975	11.87666973
1976	11.8751913
1977	11.87284984
1978	11.87259032
1979	11.87054816
1980	11.86772101
1981	11.8648228
1982	11.86334522
1983	11.86267021
1984	11.86164422
1985	11.85945166
1986	11.85747623
1987	11.85522651
1988	11.85164841
1989	11.84953077
1990	11.8492703
1991	11.84901049
1992	11.84670535
1993	11.84644608
1994	11.84516425
1995	11.84490551
1996	11.84464743
1997	11.84439
1998	11.84207912
1999	11.84182278
2000	11.84156708
2001	11.83961245
2002	11.83927685
2003	11.83827452
2004	11.8380196
2005	11.83776533
2006	11.8375117
2007	11.83725871
2008	11.83700636
2009	11.83675465
2010	11.83481621
2011	11.83456501
2012	11.83389339
2013	11.83155213
2014	11.83006886
2015	11.829819
2016	11.82869659
2017	11.82722392
2018	11.82576348
2019	11.82551385
2020	11.82526485
2021	11.82501648
2022	11.82356776
2023	11.82247699
2024	11.82222927
2025	11.81869595
2026	11.81740507
2027	11.81390406
2028	11.81117138
2029	11.81092389
2030	11.81067702
2031	11.80875544
2032	11.80528872
2033	11.80463816
2034	11.80255634
2035	11.80065174
2036	11.79904495
2037	11.79879835
2038	11.79855238
2039	11.79830702
2040	11.79639128
2041	11.79614646
2042	11.79590226
2043	11.79565868
2044	11.79355818
2045	11.79143826
2046	11.78955814
2047	11.78931466
2048	11.7890718
2049	11.78763459
2050	11.78420526
2051	11.78233833
2052	11.78025315
2053	11.78001057
2054	11.7797686
2055	11.77806785
2056	11.77600276
2057	11.77352557
2058	11.77013806
2059	11.76989613
2060	11.76653897
2061	11.76629836
2062	11.76605836
2063	11.76273114
2064	11.76249068
2065	11.76225083
2066	11.76201159
2067	11.76177296
2068	11.75847577
2069	11.7564311
2070	11.7544064
2071	11.75333348
2072	11.75141707
2073	11.74998401
2074	11.74859349
2075	11.74835531
2076	11.74811682
2077	11.74666722
2078	11.74643003
2079	11.74527696
2080	11.7438573
2081	11.74361974
2082	11.74139305
2083	11.74059627
2084	11.73916401
2085	11.73732935
2086	11.73531319
2087	11.73331616
2088	11.73150522
2089	11.72969668
2090	11.72945975
2091	11.72885756
2092	11.72686953
2093	11.72663347
2094	11.72474918
2095	11.72451397
2096	11.72427869
2097	11.72404401
2098	11.72263294
2099	11.72101211
2100	11.72077798
2101	11.72054381
2102	11.72031063
2103	11.7200774
2104	11.71684633
2105	11.71661405
2106	11.71521528
2107	11.71386036
2108	11.7128083
2109	11.7125758
2110	11.71037486
2111	11.70932305
2112	11.709092
2113	11.70886099
2114	11.70707141
2115	11.70567821
2116	11.70544754
2117	11.70521738
2118	11.70498781
2119	11.70302467
2120	11.70279515
2121	11.7025662
2122	11.70233776
2123	11.70095467
2124	11.69991118
2125	11.69968351
2126	11.69945642
2127	11.69792939
2128	11.69639328
2129	11.69462846
2130	11.69335082
2131	11.69016526
2132	11.68828093
2133	11.68690954
2134	11.6866816
2135	11.68450406
2136	11.68135299
2137	11.67823015
2138	11.6780033
2139	11.67664201
2140	11.67606219
2141	11.67518369
2142	11.67386172
2143	11.67211172
2144	11.67075828
2145	11.6695533
2146	11.66852973
2147	11.66661223
2148	11.66469389
2149	11.6631465
2150	11.66291904
2151	11.66157826
2152	11.6603876
2153	11.66016051
2154	11.65877169
2155	11.6576694
2156	11.65710429
2157	11.65577481
2158	11.65269134
2159	11.65066244
2160	11.64892572
2161	11.6486994
2162	11.64732806
2163	11.64507781
2164	11.64376185
2165	11.64353729
2166	11.64331218
2167	11.64308763
2168	11.64286433
2169	11.64209652
2170	11.64079064
2171	11.6405672
2172	11.64034433
2173	11.640123
2174	11.63839233
2175	11.63762823
2176	11.63457979
2177	11.63341111
2178	11.63318935
2179	11.6312948
2180	11.62827466
2181	11.62805491
2182	11.62616616
2183	11.62434329
2184	11.62304285
2185	11.62182473
2186	11.62012205
2187	11.61883415
2188	11.61861222
2189	11.61737433
2190	11.61568213
2191	11.61460728
2192	11.61438575
2193	11.61139319
2194	11.61004908
2195	11.60888456
2196	11.60768485
2197	11.60746371
2198	11.60547289
2199	11.60518526
2200	11.60416073
2201	11.60248081
2202	11.60207302
2203	11.60185272
2204	11.60163298
2205	11.59985017
2206	11.59814002
2207	11.59692546
2208	11.59634061
2209	11.59612144
2210	11.59515994
2211	11.59494121
2212	11.59472305
2213	11.59375133
2214	11.59209291
2215	11.59026713
2216	11.58927109
2217	11.58905337
2218	11.58724575
2219	11.58702846
2220	11.58532765
2221	11.58347923
2222	11.58326219
2223	11.58198287
2224	11.58113085
2225	11.57860748
2226	11.57692438
2227	11.57670738
2228	11.57523704
2229	11.57229812
2230	11.56938556
2231	11.56881596
2232	11.5685998
2233	11.56838418
2234	11.56724917
2235	11.56598177
2236	11.56466671
2237	11.56341274
2238	11.56237005
2239	11.56215473
2240	11.56033629
2241	11.56012121
2242	11.55881932
2243	11.5586048
2244	11.55839082
2245	11.55551198
2246	11.55529956
2247	11.55351291
2248	11.55329974
2249	11.55241985
2250	11.55079152
2251	11.55057869
2252	11.54793185
2253	11.54613577
2254	11.54558031
2255	11.54380058
2256	11.54358864
2257	11.54074626
2258	11.5389891
2259	11.53774669
2260	11.53651462
2261	11.53473572
2262	11.53452281
2263	11.53236411
2264	11.53018553
2265	11.52895974
2266	11.52874873
2267	11.52712007
2268	11.52690822
2269	11.52568287
2270	11.52393156
2271	11.52282976
2272	11.52154118
2273	11.52013641
2274	11.51992462
2275	11.51971337
2276	11.51810435
2277	11.51639279
2278	11.5161818
2279	11.51597134
2280	11.51576141
2281	11.51555202
2282	11.51381556
2283	11.51360641
2284	11.51178524
2285	11.51006191
2286	11.50867282
2287	11.50776386
2288	11.50755453
2289	11.50734572
2290	11.50713745
2291	11.50434748
2292	11.5041398
2293	11.50244315
2294	11.50190741
2295	11.50062602
2296	11.50041892
2297	11.50021236
2298	11.50000631
2299	11.49973922
2300	11.499534
2301	11.49795178
2302	11.49519185
2303	11.4934645
2304	11.4923824
2305	11.4921776
2306	11.49197299
2307	11.49176902
2308	11.49034616
2309	11.48950567
2310	11.48814744
2311	11.48586483
2312	11.48566027
2313	11.48444714
2314	11.48424299
2315	11.48306048
2316	11.48255582
2317	11.48089443
2318	11.47962394
2319	11.47805792
2320	11.47640981
2321	11.47477486
2322	11.47265523
2323	11.47245085
2324	11.47138189
2325	11.46866486
2326	11.46711219
2327	11.46690833
2328	11.46488475
2329	11.46326944
2330	11.46058856
2331	11.45938532
2332	11.45918204
2333	11.45717962
2334	11.45697735
2335	11.45537806
2336	11.45466914
2337	11.4544671
2338	11.45248096
2339	11.45177519
2340	11.45018783
2341	11.44891552
2342	11.44871416
2343	11.44819987
2344	11.44668539
2345	11.44648486
2346	11.44628548
2347	11.44608577
2348	11.44453483
2349	11.44319201
2350	11.44245246
2351	11.44225312
2352	11.44199563
2353	11.44003182
2354	11.43983375
2355	11.43827889
2356	11.4373962
2357	11.43649808
2358	11.43483973
2359	11.43464147
2360	11.43300167
2361	11.43147206
2362	11.4307757
2363	11.42953347
2364	11.42826908
2365	11.42807121
2366	11.42787383
2367	11.42525682
2368	11.42424019
2369	11.4230389
2370	11.42284189
2371	11.42145886
2372	11.4202141
2373	11.41858982
2374	11.41750482
2375	11.41631772
2376	11.41612083
2377	11.41494351
2378	11.4135832
2379	11.41257935
2380	11.41105875
2381	11.40847515
2382	11.40681428
2383	11.40661741
2384	11.40642221
2385	11.40386324
2386	11.40206669
2387	11.40107151
2388	11.39973192
2389	11.39849854
2390	11.39830225
2391	11.39810645
2392	11.39725631
2393	11.39706091
2394	11.39686601
2395	11.39667161
2396	11.39647769
2397	11.39549386
2398	11.39530035
2399	11.39483624
2400	11.39464353
2401	11.39313575
2402	11.39193193
2403	11.39035421
2404	11.39016135
2405	11.38996899
2406	11.38972163
2407	11.3886083
2408	11.38743937
2409	11.38628018
2410	11.3853046
2411	11.38298429
2412	11.38279203
2413	11.38184569
2414	11.38076302
2415	11.37942416
2416	11.3792322
2417	11.37904073
2418	11.37884975
2419	11.3772094
2420	11.3770188
2421	11.37608446
2422	11.37584041
2423	11.37491366
2424	11.37472399
2425	11.37350293
2426	11.37331375
2427	11.37216259
2428	11.37197379
2429	11.37178546
2430	11.37019876
2431	11.36813375
2432	11.36698939
2433	11.36550684
2434	11.36531894
2435	11.36383055
2436	11.36291647
2437	11.36272903
2438	11.36254206
2439	11.36235559
2440	11.3611464
2441	11.36048772
2442	11.35900927
2443	11.35882325
2444	11.35863771
2445	11.35773415
2446	11.35749645
2447	11.35684315
2448	11.35557142
2449	11.3547538
2450	11.35331018
2451	11.35211101
2452	11.34962155
2453	11.34837586
2454	11.34690894
2455	11.34444863
2456	11.3433087
2457	11.34312414
2458	11.34166256
2459	11.34047444
2460	11.34029013
2461	11.33983364
2462	11.33825957
2463	11.33807586
2464	11.3370103
2465	11.33682694
2466	11.33664405
2467	11.33646162
2468	11.33529748
2469	11.3351153
2470	11.33413388
2471	11.33329177
2472	11.33310998
2473	11.3319834
2474	11.33053438
2475	11.33035319
2476	11.33017195
2477	11.32873113
2478	11.32629999
2479	11.32389075
2480	11.32246529
2481	11.32228417
2482	11.32084873
2483	11.3206681
2484	11.31914359
2485	11.31818016
2486	11.31675566
2487	11.31535065
2488	11.31380991
2489	11.31262729
2490	11.31244608
2491	11.3109177
2492	11.31026713
2493	11.30953558
2494	11.30858322
2495	11.30770129
2496	11.30629661
2497	11.30548116
2498	11.30500905
2499	11.30380082
2500	11.30241175
2501	11.30223063
2502	11.30204997
2503	11.30186977
2504	11.30070031
2505	11.30052057
2506	11.30034129
2507	11.30016247
2508	11.29905973
2509	11.29669351
2510	11.29492549
2511	11.29340862
2512	11.29297837
2513	11.29217342
2514	11.29137617
2515	11.29091151
2516	11.28856916
2517	11.2876392
2518	11.28746114
2519	11.28728352
2520	11.28710623
2521	11.28574462
2522	11.28453942
2523	11.28436234
2524	11.28418571
2525	11.28400953
2526	11.28383344
2527	11.28246602
2528	11.28229038
2529	11.28211518
2530	11.28106119
2531	11.27966447
2532	11.27948953
2533	11.27829589
2534	11.27812114
2535	11.27677283
2536	11.27659845
2537	11.2764243
2538	11.27503767
2539	11.27273533
2540	11.2718517
2541	11.26984118
2542	11.26850627
2543	11.26833218
2544	11.26788028
2545	11.26618007
2546	11.26506407
2547	11.26356647
2548	11.26339272
2549	11.26223747
2550	11.2609197
2551	11.26074618
2552	11.2605731
2553	11.26040046
2554	11.25933055
2555	11.25784452
2556	11.25673997
2557	11.25580733
2558	11.25563466
2559	11.25546242
2560	11.25398481
2561	11.25288752
2562	11.25179939
2563	11.25105177
2564	11.25060947
2565	11.24943471
2566	11.24901995
2567	11.24840044
2568	11.24822914
2569	11.24675803
2570	11.24567789
2571	11.24477769
2572	11.2427937
2573	11.24129685
2574	11.2402248
2575	11.24005337
2576	11.23988236
2577	11.23971179
2578	11.23744466
2579	11.23727458
2580	11.23654002
2581	11.23637029
2582	11.23620099
2583	11.23535278
2584	11.23451101
2585	11.23434228
2586	11.23417399
2587	11.23355345
2588	11.23338547
2589	11.23321791
2590	11.23173599
2591	11.23156878
2592	11.23116225
2593	11.22970282
2594	11.22886911
2595	11.22870259
2596	11.22735316
2597	11.22591021
2598	11.2257439
2599	11.22448362
2600	11.22431758
2601	11.22324798
2602	11.22285061
2603	11.22241216
2604	11.22224695
2605	11.22107895
2606	11.22091404
2607	11.22074947
2608	11.22058532
2609	11.22042132
2610	11.21929111
2611	11.21800579
2612	11.21784203
2613	11.21678523
2614	11.21662179
2615	11.21645867
2616	11.21629596
2617	11.21405821
2618	11.21304544
2619	11.21165975
2620	11.21149711
2621	11.21133487
2622	11.20989168
2623	11.2084577
2624	11.20829574
2625	11.20790296
2626	11.20595288
2627	11.20479588
2628	11.20463444
2629	11.2044734
2630	11.20225908
2631	11.20102578
2632	11.19883207
2633	11.19688541
2634	11.19672471
2635	11.19656442
2636	11.19640453
2637	11.19423079
2638	11.19281344
2639	11.19152243
2640	11.18937325
2641	11.18804124
2642	11.18699126
2643	11.18683152
2644	11.18470198
2645	11.18342483
2646	11.182029
2647	11.18098661
2648	11.17995292
2649	11.17784759
2650	11.17646005
2651	11.17543401
2652	11.17444695
2653	11.17428712
2654	11.17305725
2655	11.17289763
2656	11.17081456
2657	11.16936568
2658	11.16835048
2659	11.16734374
2660	11.16602142
2661	11.16528724
2662	11.16512774
2663	11.16416125
2664	11.16308099
2665	11.16165374
2666	11.16051039
2667	11.16035091
2668	11.15914394
2669	11.15794651
2670	11.15685637
2671	11.15548805
2672	11.15532853
2673	11.15402237
2674	11.15260974
2675	11.15141904
2676	11.1500257
2677	11.14961596
2678	11.14864431
2679	11.14754729
2680	11.14657443
2681	11.14593076
2682	11.1445517
2683	11.14396229
2684	11.14307854
2685	11.14291933
2686	11.14221434
2687	11.14205546
2688	11.14063816
2689	11.13952754
2690	11.13936918
2691	11.13921121
2692	11.13813067
2693	11.13738346
2694	11.13534567
2695	11.13518819
2696	11.13401186
2697	11.13294559
2698	11.1319479
2699	11.13102337
2700	11.13086586
2701	11.13070875
2702	11.13055204
2703	11.13039573
2704	11.12934017
2705	11.12776359
2706	11.12680318
2707	11.12568138
2708	11.12552535
2709	11.1241726
2710	11.12216687
2711	11.12201114
2712	11.12002361
2713	11.11986834
2714	11.11875402
2715	11.11771549
2716	11.11644011
2717	11.11552649
2718	11.11537105
2719	11.11432682
2720	11.11392564
2721	11.11326875
2722	11.11130726
2723	11.10996789
2724	11.1098131
2725	11.10867221
2726	11.10768783
2727	11.10753305
2728	11.10661053
2729	11.10526802
2730	11.10511356
2731	11.10318086
2732	11.10248409
2733	11.10153506
2734	11.10113817
2735	11.10019608
2736	11.09904218
2737	11.09888803
2738	11.09698136
2739	11.09682754
2740	11.09588251
2741	11.09139328
2742	11.09123947
2743	11.09066611
2744	11.09051292
2745	11.08962543
2746	11.0894724
2747	11.08845438
2748	11.08773349
2749	11.08758676
2750	11.08567422
2751	11.08552189
2752	11.08467225
2753	11.08452012
2754	11.08304544
2755	11.08289952
2756	11.08275405
2757	11.08237375
2758	11.08222264
2759	11.08067688
2760	11.08052599
2761	11.07917479
2762	11.0783823
2763	11.07685057
2764	11.07670626
2765	11.07573941
2766	11.07442316
2767	11.06998703
2768	11.06962456
2769	11.06837847
2770	11.06823413
2771	11.06808347
2772	11.06707283
2773	11.06612123
2774	11.06467697
2775	11.06452647
2776	11.06437636
2777	11.06230817
2778	11.06140504
2779	11.06125491
2780	11.05997027
2781	11.05919476
2782	11.05818622
2783	11.05780931
2784	11.05766666
2785	11.0567325
2786	11.05659036
2787	11.05564419
2788	11.05409314
2789	11.05298713
2790	11.05216191
2791	11.05119397
2792	11.0510441
2793	11.05089462
2794	11.05074551
2795	11.05059678
2796	11.05017907
2797	11.05003063
2798	11.0481578
2799	11.04684138
2800	11.04670025
2801	11.04539568
2802	11.04477518
2803	11.04388965
2804	11.03950916
2805	11.03827807
2806	11.0371861
2807	11.03703705
2808	11.03688839
2809	11.0367401
2810	11.03563914
2811	11.03442182
2812	11.03427363
2813	11.02993086
2814	11.02956393
2815	11.02942329
2816	11.02849692
2817	11.02750361
2818	11.02635305
2819	11.02507989
2820	11.02381482
2821	11.02289447
2822	11.02191135
2823	11.02177102
2824	11.02070077
2825	11.02055279
2826	11.02041304
2827	11.02026573
2828	11.02012663
2829	11.01977774
2830	11.01896629
2831	11.01775901
2832	11.01635062
2833	11.01537412
2834	11.01522721
2835	11.01508066
2836	11.01436804
2837	11.01400547
2838	11.01316442
2839	11.01196979
2840	11.01071977
2841	11.01011346
2842	11.00996692
2843	11.00813317
2844	11.00799523
2845	11.0078494
2846	11.0071598
2847	11.00597645
2848	11.00505678
2849	11.00374294
2850	11.00262214
2851	11.00226475
2852	11.00151444
2853	11.00090388
2854	10.99965565
2855	10.9995096
2856	10.9993723
2857	10.99923542
2858	10.9982713
2859	10.99812634
2860	10.997277
2861	10.99648417
2862	10.99528124
2863	10.99100703
2864	10.98990994
2865	10.98878514
2866	10.98788764
2867	10.98608305
2868	10.9856641
2869	10.98477589
2870	10.9846377
2871	10.98449994
2872	10.98436261
2873	10.98379114
2874	10.98364571
2875	10.98269979
2876	10.97846377
2877	10.97792903
2878	10.97759473
2879	10.97649706
2880	10.97555683
2881	10.97438267
2882	10.97424583
2883	10.97410941
2884	10.97396464
2885	10.97317156
2886	10.97139296
2887	10.97125729
2888	10.97111317
2889	10.96945155
2890	10.96822964
2891	10.96741103
2892	10.96565951
2893	10.96444683
2894	10.96325912
2895	10.96182052
2896	10.96058909
2897	10.96001264
2898	10.95923157
2899	10.95807438
2900	10.95793856
2901	10.95741547
2902	10.95568128
2903	10.95553684
2904	10.95540168
2905	10.95431592
2906	10.95316932
2907	10.95153085
2908	10.95139572
2909	10.95052642
2910	10.94999877
2911	10.94927528
2912	10.94839268
2913	10.94742699
2914	10.9462329
2915	10.94566661
2916	10.94464357
2917	10.9444997
2918	10.94370959
2919	10.94294679
2920	10.94204735
2921	10.94086505
2922	10.93985345
2923	10.93876288
2924	10.9386188
2925	10.93848402
2926	10.93771037
2927	10.93684853
2928	10.93585262
2929	10.93506671
2930	10.9349319
2931	10.93376898
2932	10.93270566
2933	10.93256209
2934	10.93242788
2935	10.93074009
2936	10.92978771
2937	10.92964485
2938	10.92881577
2939	10.92867316
2940	10.92815346
2941	10.92654705
2942	10.92513591
2943	10.9239985
2944	10.92385611
2945	10.91967578
2946	10.91954233
2947	10.91841314
2948	10.91827076
2949	10.91729801
2950	10.91617841
2951	10.91451223
2952	10.91437907
2953	10.91424631
2954	10.91387936
2955	10.91311515
2956	10.91223065
2957	10.91111703
2958	10.9101585
2959	10.90928086
2960	10.90841055
2961	10.90730474
2962	10.90695807
2963	10.90620208
2964	10.9056406
2965	10.90549819
2966	10.9013804
2967	10.90053519
2968	10.89936837
2969	10.89861112
2970	10.89847748
2971	10.89834426
2972	10.89726795
2973	10.89645246
2974	10.89577339
2975	10.89563084
2976	10.8945937
2977	10.89445139
2978	10.89037261
2979	10.89023015
2980	10.88858249
2981	10.88844979
2982	10.88830802
2983	10.88817607
2984	10.88743044
2985	10.88729886
2986	10.88715804
2987	10.88311438
2988	10.8825641
2989	10.88168529
2990	10.88154413
2991	10.87753706
2992	10.87643658
2993	10.87630479
2994	10.87541762
2995	10.8743483
2996	10.87340839
2997	10.87326688
2998	10.87242482
2999	10.87228368
3000	10.87135053
3001	10.87042539
3002	10.86880298
3003	10.86809057
3004	10.86735123
3005	10.86623369
3006	10.86531824
3007	10.86517723
3008	10.86407994
3009	10.8600967
3010	10.85996532
3011	10.85891178
3012	10.85877054
3013	10.85803593
3014	10.85712856
3015	10.85699747
3016	10.85644959
3017	10.8525007
3018	10.8517732
3019	10.85066442
3020	10.84948758
3021	10.84935635
3022	10.84922552
3023	10.84908485
3024	10.84894453
3025	10.84839016
3026	10.84826032
3027	10.84812063
3028	10.84799152
3029	10.84690604
3030	10.84677722
3031	10.8461224
3032	10.84504577
3033	10.84113156
3034	10.83997722
3035	10.83984829
3036	10.83914009
3037	10.83828221
3038	10.83814268
3039	10.83801442
3040	10.83788656
3041	10.83715561
3042	10.83702815
3043	10.83596045
3044	10.8358221
3045	10.83482678
3046	10.83398108
3047	10.83385427
3048	10.8328088
3049	10.83268209
3050	10.83214409
3051	10.83079097
3052	10.83066441
3053	10.82994211
3054	10.82981582
3055	10.82592764
3056	10.8251409
3057	10.82500324
3058	10.82487732
3059	10.82353663
3060	10.82213192
3061	10.8208081
3062	10.81695443
3063	10.81615331
3064	10.81601524
3065	10.81522096
3066	10.81442846
3067	10.8142908
3068	10.8134246
3069	10.81230844
3070	10.81159807
3071	10.81081285
3072	10.81068726
3073	10.80977748
3074	10.80814967
3075	10.80801232
3076	10.80670999
3077	10.8059745
3078	10.80583724
3079	10.8057122
3080	10.80557561
3081	10.80487497
3082	10.80414403
3083	10.80333472
3084	10.79950983
3085	10.79571959
3086	10.7955942
3087	10.79545706
3088	10.79468571
3089	10.79416349
3090	10.79402668
3091	10.79247413
3092	10.79233766
3093	10.79126542
3094	10.79046945
3095	10.7903333
3096	10.79019751
3097	10.78908694
3098	10.78856936
3099	10.78844537
3100	10.78468774
3101	10.78096419
3102	10.78083983
3103	10.77930515
3104	10.77825971
3105	10.7781234
3106	10.77799943
3107	10.77786379
3108	10.7773515
3109	10.77664275
3110	10.77650733
3111	10.77637225
3112	10.77624934
3113	10.77472882
3114	10.77460627
3115	10.77393523
3116	10.7731537
3117	10.77301962
3118	10.7728978
3119	10.76919938
3120	10.76906547
3121	10.76894396
3122	10.76790319
3123	10.76778177
3124	10.76682581
3125	10.7666925
3126	10.76584952
3127	10.76482492
3128	10.76470341
3129	10.76403996
3130	10.76390677
3131	10.76303005
3132	10.76290925
3133	10.76140511
3134	10.76052487
3135	10.75903429
3136	10.75891377
3137	10.7582639
3138	10.75720667
3139	10.75521584
3140	10.75508298
3141	10.75361278
3142	10.75296902
3143	10.7516314
3144	10.75116078
3145	10.75102791
3146	10.75034556
3147	10.75022533
3148	10.74917764
3149	10.74551247
3150	10.74447408
3151	10.74384939
3152	10.74371645
3153	10.74306467
3154	10.74280437
3155	10.74267172
3156	10.73904334
3157	10.73892321
3158	10.73805239
3159	10.73728848
3160	10.73716859
3161	10.73357117
3162	10.73292782
3163	10.73280782
3164	10.73267528
3165	10.7318114
3166	10.73076259
3167	10.73064299
3168	10.72989664
3169	10.72862669
3170	10.72760549
3171	10.72634735
3172	10.72621457
3173	10.7260951
3174	10.72597601
3175	10.7249396
3176	10.72480762
3177	10.72374071
3178	10.72229168
3179	10.72215993
3180	10.72072406
3181	10.71715952
3182	10.71702763
3183	10.71629068
3184	10.71553458
3185	10.71310907
3186	10.71225391
3187	10.70984825
3188	10.70882222
3189	10.70832528
3190	10.70820516
3191	10.70808541
3192	10.70796604
3193	10.70694833
3194	10.70609937
3195	10.70545559
3196	10.70472294
3197	10.70459066
3198	10.70447181
3199	10.70346669
3200	10.70334793
3201	10.70322954
3202	10.70181086
3203	10.70169282
3204	10.70069561
3205	10.70056443
3206	10.69968751
3207	10.69848634
3208	10.69835526
3209	10.69753014
3210	10.69652226
3211	10.6963914
3212	10.69589998
3213	10.69578246
3214	10.69437789
3215	10.69426072
3216	10.69414392
3217	10.69062271
3218	10.68984799
3219	10.68886176
3220	10.68727067
3221	10.68714018
3222	10.68702325
3223	10.6862053
3224	10.68608865
3225	10.68260276
3226	10.68247267
3227	10.68152265
3228	10.68139279
3229	10.68067458
3230	10.67967983
3231	10.676229
3232	10.67521926
3233	10.6717992
3234	10.67108862
3235	10.67095803
3236	10.67082778
3237	10.67069786
3238	10.67056827
3239	10.6671755
3240	10.66624797
3241	10.66485865
3242	10.66411818
3243	10.6631156
3244	10.65974852
3245	10.65913854
3246	10.65860306
3247	10.6579389
3248	10.65780832
3249	10.65767808
3250	10.65670261
3251	10.65658649
3252	10.65647074
3253	10.65579931
3254	10.65494428
3255	10.65481482
3256	10.65408583
3257	10.6535665
3258	10.65292997
3259	10.65195048
3260	10.65126476
3261	10.65114904
3262	10.65103368
3263	10.65091868
3264	10.65080404
3265	10.65068975
3266	10.64734526
3267	10.64721685
3268	10.6463748
3269	10.64472849
3270	10.64425108
3271	10.64377751
3272	10.64046614
3273	10.63954601
3274	10.63818982
3275	10.63806079
3276	10.63793209
3277	10.63781755
3278	10.63768948
3279	10.63756173
3280	10.63684723
3281	10.63671983
3282	10.63659277
3283	10.63598151
3284	10.63586848
3285	10.63575579
3286	10.63564346
3287	10.63493558
3288	10.63480972
3289	10.63456362
3290	10.63443809
3291	10.63339926
3292	10.63327395
3293	10.63316278
3294	10.63303808
3295	10.63204056
3296	10.63070314
3297	10.63057861
3298	10.62728471
3299	10.62716006
3300	10.62703573
3301	10.62691172
3302	10.626788
3303	10.62586807
3304	10.6254035
3305	10.62413149
3306	10.62086912
3307	10.62075868
3308	10.61943312
3309	10.6187345
3310	10.6177095
3311	10.61709446
3312	10.61663593
3313	10.61652566
3314	10.61521529
3315	10.61422603
3316	10.61357449
3317	10.61307268
3318	10.61208946
3319	10.61197901
3320	10.61141152
3321	10.61045795
3322	10.61033381
3323	10.61022399
3324	10.61010046
3325	10.60999127
3326	10.6093446
3327	10.60855096
3328	10.60531861
3329	10.60520937
3330	10.60402462
3331	10.60304693
3332	10.60223902
3333	10.60211535
3334	10.60113793
3335	10.60102872
3336	10.60053196
3337	10.5998846
3338	10.5966815
3339	10.59626492
3340	10.59614117
3341	10.59512348
3342	10.59421846
3343	10.59409493
3344	10.5935317
3345	10.59342257
3346	10.59329964
3347	10.59201678
3348	10.5911953
3349	10.58801683
3350	10.58790799
3351	10.58778523
3352	10.58704507
3353	10.58626371
3354	10.58471082
3355	10.58374338
3356	10.58257794
3357	10.57943109
3358	10.57631293
3359	10.57618925
3360	10.5760659
3361	10.57594286
3362	10.57285186
3363	10.57272872
3364	10.57260589
3365	10.57151572
3366	10.57086733
3367	10.57074473
3368	10.57063688
3369	10.56937003
3370	10.56873423
3371	10.56774362
3372	10.56702019
3373	10.56689793
3374	10.56383072
3375	10.56309856
3376	10.56299084
3377	10.56286879
3378	10.56219153
3379	10.56208445
3380	10.56149354
3381	10.56024157
3382	10.56011989
3383	10.5588793
3384	10.55702946
3385	10.55692249
3386	10.55594723
3387	10.55426186
3388	10.55363306
3389	10.55267555
3390	10.55163104
3391	10.55150863
3392	10.55138654
3393	10.55048858
3394	10.55038181
3395	10.55026019
3396	10.55015404
3397	10.55004821
3398	10.54961096
3399	10.54864315
3400	10.54852204
3401	10.54841645
3402	10.54785051
3403	10.54480726
3404	10.54468624
3405	10.5434586
3406	10.5433532
3407	10.54272744
3408	10.54180645
3409	10.54168589
3410	10.54073774
3411	10.54011623
3412	10.53914801
3413	10.53613141
3414	10.53602614
3415	10.53481723
3416	10.53361932
3417	10.5330497
3418	10.53240636
3419	10.53159145
3420	10.53148631
3421	10.53105234
3422	10.53094739
3423	10.5303284
3424	10.52989774
3425	10.5297775
3426	10.52859466
3427	10.52849007
3428	10.5283704
3429	10.52772097
3430	10.527112
3431	10.52594361
3432	10.52511511
3433	10.52447572
3434	10.52435608
3435	10.523595
3436	10.52059813
3437	10.519542
3438	10.51858393
3439	10.51561326
3440	10.51549274
3441	10.51469368
3442	10.51408104
3443	10.51347091
3444	10.51336591
3445	10.51042521
3446	10.51032022
3447	10.50989652
3448	10.50947619
3449	10.50887304
3450	10.50875267
3451	10.50780734
3452	10.50720347
3453	10.50645042
3454	10.50585188
3455	10.50537805
3456	10.5038548
3457	10.50290951
3458	10.50280393
3459	10.50222462
3460	10.5016303
3461	10.50152502
3462	10.50093613
3463	10.50012684
3464	10.49949181
3465	10.49834256
3466	10.49822219
3467	10.49811738
3468	10.4980129
3469	10.49707234
3470	10.49695269
3471	10.49684871
3472	10.49622133
3473	10.49330876
3474	10.49217233
3475	10.49205288
3476	10.49134588
3477	10.49124227
3478	10.49112342
3479	10.49100488
3480	10.49030313
3481	10.48936755
3482	10.48926477
3483	10.48914669
3484	10.48810359
3485	10.4874979
3486	10.48737994
3487	10.48641779
3488	10.48631562
3489	10.48524008
3490	10.48439708
3491	10.48344566
3492	10.48332792
3493	10.48242698
3494	10.48184521
3495	10.48174322
3496	10.48164154
3497	10.48103436
3498	10.48045458
3499	10.47756502
3500	10.47746328
3501	10.47459982
3502	10.47176253
3503	10.46895117
3504	10.46883263
3505	10.46871438
3506	10.46759295
3507	10.46666289
3508	10.46654496
3509	10.46554602
3510	10.46542808
3511	10.46532646
3512	10.46522515
3513	10.46510804
3514	10.46500731
3515	10.46221981
3516	10.46162243
3517	10.46063571
3518	10.4605345
3519	10.46041743
3520	10.46031681
3521	10.45921391
3522	10.45911359
3523	10.45901358
3524	10.4588976
3525	10.45735094
3526	10.45675315
3527	10.45595881
3528	10.45503655
3529	10.4544488
3530	10.45335712
3531	10.45325702
3532	10.45314101
3533	10.45304148
3534	10.45292603
3535	10.45204273
3536	10.45135398
3537	10.45044067
3538	10.447675
3539	10.44755923
3540	10.44699064
3541	10.44689149
3542	10.44677624
3543	10.44584642
3544	10.44573126
3545	10.4446422
3546	10.44454357
3547	10.44180254
3548	10.44088066
3549	10.44078181
3550	10.43971239
3551	10.43961375
3552	10.43892928
3553	10.4388143
3554	10.4381972
3555	10.43765874
3556	10.43683568
3557	10.43673719
3558	10.43565589
3559	10.43554109
3560	10.43542658
3561	10.43484037
3562	10.43410828
3563	10.43401055
3564	10.43391312
3565	10.43379932
3566	10.43370861
3567	10.43359533
3568	10.43180981
3569	10.43120553
3570	10.43109265
3571	10.43098006
3572	10.43086777
3573	10.4300923
3574	10.42737282
3575	10.42644189
3576	10.42632944
3577	10.42589341
3578	10.42510517
3579	10.42500927
3580	10.42394041
3581	10.42348493
3582	10.42078948
3583	10.4204558
3584	10.42034315
3585	10.41957939
3586	10.41739859
3587	10.41728566
3588	10.41717302
3589	10.41707714
3590	10.4161689
3591	10.41511348
3592	10.41500119
3593	10.41395539
3594	10.41315021
3595	10.41303811
3596	10.4129263
3597	10.41283112
3598	10.41196639
3599	10.41106522
3600	10.40839618
3601	10.40746873
3602	10.4065646
3603	10.40645252
3604	10.40634073
3605	10.40576108
3606	10.40519951
3607	10.40479259
3608	10.40375666
3609	10.40364492
3610	10.40355001
3611	10.40345539
3612	10.40242889
3613	10.402118
3614	10.40148427
3615	10.40137333
3616	10.39960993
3617	10.39908197
3618	10.39897133
3619	10.39886098
3620	10.39876746
3621	10.39865763
3622	10.3978031
3623	10.39727636
3624	10.3967432
3625	10.39582906
3626	10.39498011
3627	10.39487021
3628	10.39477715
3629	10.39434825
3630	10.3937919
3631	10.39368242
3632	10.3928382
3633	10.39272897
3634	10.39008609
3635	10.38918967
3636	10.38841617
3637	10.38755529
3638	10.38744548
3639	10.38660833
3640	10.38598417
3641	10.38509317
3642	10.38451237
3643	10.3844193
3644	10.38430985
3645	10.38375121
3646	10.38365857
3647	10.38277694
3648	10.38266774
3649	10.38165921
3650	10.38155029
3651	10.38064825
3652	10.38053953
3653	10.37994528
3654	10.37939809
3655	10.37930601
3656	10.3789055
3657	10.37628174
3658	10.37618958
3659	10.37608103
3660	10.3759894
3661	10.37589806
3662	10.37506808
3663	10.37496027
3664	10.37443984
3665	10.3723114
3666	10.37220336
3667	10.37163381
3668	10.37152602
3669	10.36941557
3670	10.36901901
3671	10.36892746
3672	10.36853119
3673	10.36753165
3674	10.36699193
3675	10.36688401
3676	10.36589353
3677	10.36532785
3678	10.36523667
3679	10.36512923
3680	10.3645889
3681	10.36448166
3682	10.36437471
3683	10.36426802
3684	10.36416161
3685	10.36407183
3686	10.36396593
3687	10.36247564
3688	10.36236995
3689	10.35977698
3690	10.35968763
3691	10.359177
3692	10.35871432
3693	10.35797612
3694	10.35788666
3695	10.35778099
3696	10.35767558
3697	10.35757044
3698	10.35700122
3699	10.35691278
3700	10.35609194
3701	10.35527626
3702	10.35481982
3703	10.35402052
3704	10.35355432
3705	10.35346595
3706	10.3527131
3707	10.35226419
3708	10.3514535
3709	10.35136529
3710	10.35055971
3711	10.34975921
3712	10.34871971
3713	10.34649197
3714	10.3459951
3715	10.34560455
3716	10.34549997
3717	10.34470356
3718	10.34459922
3719	10.34449514
3720	10.34346656
3721	10.34116715
3722	10.34107966
3723	10.34072091
3724	10.34018744
3725	10.34008362
3726	10.33922313
3727	10.33870533
3728	10.33860157
3729	10.33784216
3730	10.33575378
3731	10.33465326
3732	10.33385846
3733	10.33334927
3734	10.33237792
3735	10.33184793
3736	10.33176012
3737	10.32920197
3738	10.32869355
3739	10.3278075
3740	10.32727268
3741	10.32716818
3742	10.32632389
3743	10.32623585
3744	10.32369863
3745	10.32319121
3746	10.32242781
3747	10.32169297
3748	10.32160453
3749	10.32064277
3750	10.32055459
3751	10.32031373
3752	10.32020937
3753	10.31965756
3754	10.31955344
3755	10.31946607
3756	10.31877334
3757	10.31868624
3758	10.31790693
3759	10.31715125
3760	10.31620089
3761	10.31609739
3762	10.31533084
3763	10.31282272
3764	10.31188148
3765	10.31137686
3766	10.31113671
3767	10.31038845
3768	10.3102849
3769	10.30951745
3770	10.30796645
3771	10.30703871
3772	10.30630451
3773	10.30620091
3774	10.30536681
3775	10.30484775
3776	10.30476082
3777	10.30465747
3778	10.3038322
3779	10.30372893
3780	10.30364253
3781	10.30223621
3782	10.30214976
3783	10.30204696
3784	10.29956281
3785	10.2994766
3786	10.29874941
3787	10.29866348
3788	10.29792512
3789	10.2962252
3790	10.29613933
3791	10.29603683
3792	10.29456319
3793	10.29379986
3794	10.29134212
3795	10.29058549
3796	10.28815219
3797	10.28574122
3798	10.28515689
3799	10.28442995
3800	10.2843434
3801	10.28359602
3802	10.28158226
3803	10.28069797
3804	10.27978526
3805	10.27920685
3806	10.27910276
3807	10.27899893
3808	10.27891246
3809	10.27882625
3810	10.27874031
3811	10.27863744
3812	10.27795673
3813	10.27731796
3814	10.276887
3815	10.2768014
3816	10.27598746
3817	10.27528348
3818	10.27455006
3819	10.27216501
3820	10.27206177
3821	10.27157263
3822	10.27148683
3823	10.26917907
3824	10.26697549
3825	10.26687268
3826	10.26677014
3827	10.2662605
3828	10.26557102
3829	10.2654686
3830	10.26538349
3831	10.26447759
3832	10.26366983
3833	10.26311098
3834	10.26221284
3835	10.26211071
3836	10.26131002
3837	10.26041949
3838	10.25959523
3839	10.25908692
3840	10.25864627
3841	10.2579663
3842	10.25559716
3843	10.25549458
3844	10.25499308
3845	10.2548907
3846	10.25478858
3847	10.25243988
3848	10.25235464
3849	10.25225268
3850	10.25216793
3851	10.25147507
3852	10.25060008
3853	10.25004576
3854	10.24974259
3855	10.24741567
3856	10.24674223
3857	10.24664012
3858	10.24614859
3859	10.24417311
3860	10.24408777
3861	10.24398578
3862	10.24388405
3863	10.24192454
3864	10.24121473
3865	10.24014968
3866	10.23967255
3867	10.23747179
3868	10.23736982
3869	10.2364101
3870	10.23630822
3871	10.23546612
3872	10.23536451
3873	10.23526316
3874	10.23516207
3875	10.23289928
3876	10.23281511
3877	10.23051655
3878	10.22978415
3879	10.2297
3880	10.22959923
3881	10.22949872
3882	10.22939848
3883	10.22931526
3884	10.2292323
3885	10.22913275
3886	10.22809072
3887	10.2276004
3888	10.22751799
3889	10.22743584
3890	10.22674721
3891	10.22449961
3892	10.22362558
3893	10.2226613
3894	10.22038114
3895	10.2202988
3896	10.21943329
3897	10.21890434
3898	10.218805
3899	10.21799182
3900	10.21789275
3901	10.21727203
3902	10.21719036
3903	10.21613811
3904	10.21603945
3905	10.21533894
3906	10.2152403
3907	10.2149394
3908	10.21300532
3909	10.21292352
3910	10.21225401
3911	10.21163579
3912	10.21091014
3913	10.21042631
3914	10.21034469
3915	10.21024619
3916	10.20976672
3917	10.20890677
3918	10.20665101
3919	10.20597282
3920	10.20512085
3921	10.20424558
3922	10.20373542
3923	10.20365368
3924	10.20329001
3925	10.20282084
3926	10.20272197
3927	10.20262336
3928	10.20254218
3929	10.20208686
3930	10.2013678
3931	10.20083883
3932	10.2001243
3933	10.19926805
3934	10.1971182
3935	10.1970373
3936	10.19693927
3937	10.19684149
3938	10.19674396
3939	10.19597954
3940	10.19535033
3941	10.19483309
3942	10.19473568
3943	10.19421521
3944	10.19411807
3945	10.19403843
3946	10.19332888
3947	10.19284904
3948	10.19275228
3949	10.19204702
3950	10.19195047
3951	10.19124962
3952	10.19117058
3953	10.19107448
3954	10.19059856
3955	10.19013038
3956	10.18965324
3957	10.18957444
3958	10.18947856
3959	10.18892141
3960	10.18826621
3961	10.18658881
3962	10.18492373
3963	10.18482806
3964	10.18473263
3965	10.18419726
3966	10.18410206
3967	10.18306387
3968	10.18298603
3969	10.18289123
3970	10.18279662
3971	10.18201622
3972	10.1819217
3973	10.18118816
3974	10.18109386
3975	10.18101676
3976	10.18092282
3977	10.17900713
3978	10.17891305
3979	10.1770137
3980	10.1761648
3981	10.17396155
3982	10.17207654
3983	10.17157098
3984	10.1714932
3985	10.17139869
3986	10.17060222
3987	10.17052495
3988	10.17043092
3989	10.17033713
3990	10.17026043
3991	10.16959075
3992	10.16949725
3993	10.16875422
3994	10.16866088
3995	10.16856776
3996	10.1680405
3997	10.16580985
3998	10.16571663
3999	10.16562357
4000	10.16553072
4001	10.16365968
4002	10.16315886
4003	10.16306585
4004	10.16240886
4005	10.1619208
4006	10.15971412
4007	10.15963768
4008	10.15917162
4009	10.15865096
4010	10.1578068
4011	10.15773041
4012	10.15763753
4013	10.15684973
4014	10.15675712
4015	10.15666472
4016	10.15606622
4017	10.15524343
4018	10.15470272
4019	10.15461042
4020	10.15352926
4021	10.153437
4022	10.15334497
4023	10.15148884
4024	10.15081567
4025	10.1502206
4026	10.15012848
4027	10.14929341
4028	10.14710581
4029	10.14701355
4030	10.14484576
4031	10.14475344
4032	10.14406872
4033	10.14355213
4034	10.14317546
4035	10.14241777
4036	10.1420138
4037	10.14133314
4038	10.13918973
4039	10.13851511
4040	10.1384224
4041	10.13795589
4042	10.1378801
4043	10.13605279
4044	10.1359601
4045	10.13383844
4046	10.13376243
4047	10.13301727
4048	10.13217498
4049	10.13136133
4050	10.13126846
4051	10.13117584
4052	10.13108345
4053	10.13059818
4054	10.12994273
4055	10.12913595
4056	10.12904361
4057	10.12895151
4058	10.12859699
4059	10.12649107
4060	10.12440452
4061	10.12432885
4062	10.12287889
4063	10.12278626
4064	10.12227529
4065	10.12144504
4066	10.12078745
4067	10.12071169
4068	10.12020541
4069	10.11953506
4070	10.11907894
4071	10.11728591
4072	10.117193
4073	10.11670075
4074	10.11603091
4075	10.11553101
4076	10.11545518
4077	10.11462918
4078	10.11398926
4079	10.11389651
4080	10.11177583
4081	10.11113045
4082	10.11045825
4083	10.10972157
4084	10.1096287
4085	10.10878899
4086	10.10815434
4087	10.10806154
4088	10.10739445
4089	10.10675486
4090	10.10666206
4091	10.10615435
4092	10.10576521
4093	10.10358494
4094	10.10324206
4095	10.10314931
4096	10.1027318
4097	10.10191572
4098	10.10182317
4099	10.10116921
4100	10.1010769
4101	10.10043184
4102	10.10004151
4103	10.09996613
4104	10.0994628
4105	10.09769639
4106	10.09760396
4107	10.09554059
4108	10.09491408
4109	10.09435292
4110	10.09427704
4111	10.09362654
4112	10.09324314
4113	10.09119939
4114	10.09056244
4115	10.08983964
4116	10.08781505
4117	10.08700704
4118	10.0869138
4119	10.08628209
4120	10.08565515
4121	10.08403829
4122	10.08396214
4123	10.08195598
4124	10.08157761
4125	10.08085381
4126	10.08076059
4127	10.0806676
4128	10.08001491
4129	10.07993906
4130	10.07795273
4131	10.07633352
4132	10.07588447
4133	10.0737275
4134	10.07366351
4135	10.07288185
4136	10.07243587
4137	10.07234279
4138	10.07188589
4139	10.07130354
4140	10.0712107
4141	10.06924186
4142	10.06916619
4143	10.06907349
4144	10.06898104
4145	10.06888883
4146	10.06879686
4147	10.06870512
4148	10.06821421
4149	10.06607641
4150	10.06598486
4151	10.06589355
4152	10.06580248
4153	10.06507919
4154	10.06498819
4155	10.06489744
4156	10.06363101
4157	10.06354026
4158	10.06344974
4159	10.06283931
4160	10.06274893
4161	10.06265878
4162	10.06256887
4163	10.06247919
4164	10.06073855
4165	10.06066526
4166	10.06011673
4167	10.06002705
4168	10.05993761
4169	10.05922322
4170	10.05913386
4171	10.05904473
4172	10.05839911
4173	10.05775839
4174	10.05768577
4175	10.05688891
4176	10.05680011
4177	10.0567279
4178	10.05513099
4179	10.05504269
4180	10.05497099
4181	10.05488311
4182	10.05315806
4183	10.05120832
4184	10.05113643
4185	10.05034679
4186	10.05025869
4187	10.05018721
4188	10.05009954
4189	10.05001199
4190	10.04994104
4191	10.047883
4192	10.04594853
4193	10.04586102
4194	10.0457737
4195	10.04499753
4196	10.04436568
4197	10.04399738
4198	10.04319696
4199	10.04258232
4200	10.04193738
4201	10.04185004
4202	10.04014184
4203	10.03803764
4204	10.03795019
4205	10.03786288
4206	10.03731791
4207	10.03661489
4208	10.03652756
4209	10.03460956
4210	10.03413882
4211	10.03406185
4212	10.0339746
4213	10.03319462
4214	10.0331076
4215	10.03141775
4216	10.02974267
4217	10.0296552
4218	10.02956794
4219	10.02894811
4220	10.02836336
4221	10.02775349
4222	10.02766629
4223	10.02704961
4224	10.02660274
4225	10.02590181
4226	10.02513579
4227	10.02436507
4228	10.02270794
4229	10.02223973
4230	10.02163342
4231	10.02096547
4232	10.02054232
4233	10.01898045
4234	10.01890925
4235	10.01882209
4236	10.01824581
4237	10.0181589
4238	10.01660871
4239	10.01615888
4240	10.01523678
4241	10.01514996
4242	10.01507953
4243	10.01499312
4244	10.01490693
4245	10.0147206
4246	10.01264639
4247	10.01257661
4248	10.01212957
4249	10.01022921
4250	10.01015933
4251	10.00983754
4252	10.00778181
4253	10.00714239
4254	10.00638714
4255	10.00591407
4256	10.00516578
4257	10.00472538
4258	10.00463932
4259	10.00455339
4260	10.00267113
4261	10.00191446
4262	10.00131048
4263	9.99927164
4264	9.99918547
4265	9.998644101
4266	9.998178109
4267	9.997730425
4268	9.995864744
4269	9.994016269
4270	9.993929677
4271	9.993859503
4272	9.993263871
4273	9.993177643
4274	9.99311887
4275	9.992582987
4276	9.991834423
4277	9.991748464
4278	9.991287454
4279	9.991201681
4280	9.991116046
4281	9.990526422
4282	9.989770451
4283	9.989684856
4284	9.989615497
4285	9.989530257
4286	9.987697821
4287	9.985673079
4288	9.985587718
4289	9.98500205
4290	9.98491681
4291	9.984112256
4292	9.983698766
4293	9.981747292
4294	9.981662021
4295	9.979842948
4296	9.977852239
4297	9.977324099
4298	9.975350386
4299	9.974947285
4300	9.974334072
4301	9.972530174
4302	9.972118328
4303	9.972032421
4304	9.971291457
4305	9.970691459
4306	9.969957714
4307	9.968323153
4308	9.968236995
4309	9.967560033
4310	9.966831731
4311	9.966745679
4312	9.966659824
4313	9.966590223
4314	9.966504702
4315	9.966046087
4316	9.965420605
4317	9.965351424
4318	9.964896772
4319	9.963476489
4320	9.963407442
4321	9.963322391
4322	9.962949157
4323	9.961330911
4324	9.961261801
4325	9.960577586
4326	9.958794015
4327	9.958724814
4328	9.958655826
4329	9.958587051
4330	9.957852154
4331	9.955943205
4332	9.95553544
4333	9.954800193
4334	9.953312123
4335	9.952875659
4336	9.952817578
4337	9.952151488
4338	9.951429486
4339	9.949659122
4340	9.949574039
4341	9.949149853
4342	9.949064975
4343	9.948980226
4344	9.948895685
4345	9.947006109
4346	9.946921677
4347	9.946837362
4348	9.946753264
4349	9.946332595
4350	9.946264892
4351	9.94450874
4352	9.943036222
4353	9.942372862
4354	9.942288697
4355	9.940422024
4356	9.938966476
4357	9.938533463
4358	9.938449514
4359	9.937003887
4360	9.936406461
4361	9.936005051
4362	9.935126347
4363	9.933382418
4364	9.931793228
4365	9.931725228
4366	9.931657437
4367	9.930081399
4368	9.928184512
4369	9.928100096
4370	9.927372582
4371	9.927304805
4372	9.927237237
4373	9.926563412
4374	9.926495945
4375	9.925921733
4376	9.924197454
4377	9.924113405
4378	9.924029573
4379	9.922466806
4380	9.921870084
4381	9.921150344
4382	9.920651022
4383	9.920583451
4384	9.920149392
4385	9.918598654
4386	9.918162662
4387	9.918078476
4388	9.917994507
4389	9.916457099
4390	9.916389272
4391	9.915809395
4392	9.915390152
4393	9.914767961
4394	9.9141398
4395	9.912617792
4396	9.912533454
4397	9.911024452
4398	9.910940016
4399	9.910855798
4400	9.910357948
4401	9.910273888
4402	9.910190045
4403	9.908353989
4404	9.907735271
4405	9.906235601
4406	9.906151619
4407	9.906083829
4408	9.904388831
4409	9.903820184
4410	9.903762769
4411	9.903412023
4412	9.903328279
4413	9.901450571
4414	9.90136702
4415	9.90128364
4416	9.901216338
4417	9.901133287
4418	9.899272513
4419	9.898776434
4420	9.898359773
4421	9.89769883
4422	9.896210961
4423	9.896143385
4424	9.896060109
4425	9.894380981
4426	9.89366505
4427	9.893581732
4428	9.893068797
4429	9.893001559
4430	9.892918565
4431	9.892851717
4432	9.89118924
4433	9.889542124
4434	9.889475112
4435	9.888821452
4436	9.888738441
4437	9.887105963
4438	9.887039051
4439	9.886747494
4440	9.886341784
4441	9.886258813
4442	9.884642441
4443	9.884575629
4444	9.882974019
4445	9.882890948
4446	9.882180539
4447	9.881747478
4448	9.881664568
4449	9.881375357
4450	9.880816305
4451	9.880733476
4452	9.879146682
4453	9.87906382
4454	9.878639153
4455	9.878055057
4456	9.877534084
4457	9.876828864
4458	9.876124683
4459	9.875734339
4460	9.875667752
4461	9.875601371
4462	9.875161034
4463	9.873699847
4464	9.873136366
4465	9.872707071
4466	9.872640361
4467	9.871944269
4468	9.871861544
4469	9.871259727
4470	9.870702748
4471	9.870190063
4472	9.870107405
4473	9.869670567
4474	9.869604294
4475	9.869329346
4476	9.86877976
4477	9.8673306
4478	9.866935254
4479	9.866425735
4480	9.866359171
4481	9.866276601
4482	9.865883749
4483	9.865185469
4484	9.865103121
4485	9.865020986
4486	9.864637592
4487	9.864571767
4488	9.863134595
4489	9.863052562
4490	9.86297074
4491	9.862905125
4492	9.862839713
4493	9.862758459
4494	9.862476626
4495	9.862044153
4496	9.861622302
4497	9.860196004
4498	9.859602089
4499	9.859520916
4500	9.859456038
4501	9.858865854
4502	9.858785046
4503	9.858198566
4504	9.858117944
4505	9.8580375
4506	9.857659112
4507	9.857594921
4508	9.857514789
4509	9.856086679
4510	9.855668058
4511	9.855603796
4512	9.85552364
4513	9.854107736
4514	9.853709519
4515	9.853645247
4516	9.853565135
4517	9.851695595
4518	9.851631696
4519	9.851551898
4520	9.851001719
4521	9.85059993
4522	9.849194493
4523	9.849130411
4524	9.849050515
4525	9.84850351
4526	9.848439709
4527	9.848376103
4528	9.847989344
4529	9.847596552
4530	9.847015949
4531	9.846439012
4532	9.845734769
4533	9.844321298
4534	9.843907039
4535	9.84336799
4536	9.843304532
4537	9.843225186
4538	9.841370671
4539	9.841291469
4540	9.841228486
4541	9.841149596
4542	9.840595366
4543	9.840184417
4544	9.840105642
4545	9.840043137
4546	9.839964736
4547	9.839569363
4548	9.839057807
4549	9.838379422
4550	9.838317022
4551	9.83823877
4552	9.837831056
4553	9.837412171
4554	9.836739658
4555	9.83534197
4556	9.835288827
4557	9.833733814
4558	9.833382868
4559	9.833304744
4560	9.832936482
4561	9.831396768
4562	9.831016466
4563	9.830938314
4564	9.830860289
4565	9.830322031
4566	9.830260121
4567	9.829725869
4568	9.829648065
4569	9.829270623
4570	9.828737845
4571	9.826901462
4572	9.826839675
4573	9.826762029
4574	9.825367891
4575	9.824966581
4576	9.824888785
4577	9.823506894
4578	9.82342901
4579	9.823020083
4580	9.822942385
4581	9.822410615
4582	9.820891084
4583	9.820519155
4584	9.820441342
4585	9.819796503
4586	9.819100964
4587	9.819023291
4588	9.818334366
4589	9.818256761
4590	9.816432437
4591	9.815845996
4592	9.815768481
4593	9.815706875
4594	9.815181384
4595	9.81460119
4596	9.814251062
4597	9.813464987
4598	9.813076848
4599	9.811309137
4600	9.809937712
4601	9.809875627
4602	9.809797859
4603	9.809277754
4604	9.8092002
4605	9.808647936
4606	9.808018627
4607	9.807178654
4608	9.807101159
4609	9.807023864
4610	9.806946769
4611	9.806421656
4612	9.805028207
4613	9.804967
4614	9.803461791
4615	9.803400604
4616	9.802981748
4617	9.802318655
4618	9.801803992
4619	9.800446951
4620	9.800385651
4621	9.799799201
4622	9.799121489
4623	9.798735686
4624	9.798658525
4625	9.798265613
4626	9.798188626
4627	9.797819151
4628	9.796479991
4629	9.795106139
4630	9.79432897
4631	9.793808229
4632	9.793426393
4633	9.793032589
4634	9.792352968
4635	9.790561838
4636	9.79048462
4637	9.789967725
4638	9.789600461
4639	9.789087397
4640	9.788422596
4641	9.788345502
4642	9.788284237
4643	9.78820751
4644	9.78813096
4645	9.787566193
4646	9.786891553
4647	9.786815135
4648	9.786738836
4649	9.786678358
4650	9.786602359
4651	9.786526511
4652	9.786450812
4653	9.785872837
4654	9.785311654
4655	9.785235963
4656	9.78517607
4657	9.785100737
4658	9.783713473
4659	9.783311322
4660	9.782721387
4661	9.782661757
4662	9.782265905
4663	9.782190715
4664	9.782115646
4665	9.780340507
4666	9.780265501
4667	9.778935002
4668	9.778279757
4669	9.778204693
4670	9.777558122
4671	9.777483246
4672	9.777408476
4673	9.777030098
4674	9.776971002
4675	9.776704434
4676	9.776629888
4677	9.776145623
4678	9.776071212
4679	9.775726007
4680	9.775110237
4681	9.77463011
4682	9.773309819
4683	9.773250614
4684	9.773191592
4685	9.772821634
4686	9.772747275
4687	9.772080033
4688	9.772005781
4689	9.771631771
4690	9.771557692
4691	9.770999824
4692	9.769510484
4693	9.769459967
4694	9.767693373
4695	9.767619326
4696	9.767560981
4697	9.767487224
4698	9.767429157
4699	9.766767385
4700	9.766693846
4701	9.766636107
4702	9.765296661
4703	9.764805994
4704	9.763476296
4705	9.762867696
4706	9.762794494
4707	9.762737128
4708	9.762664272
4709	9.762311352
4710	9.762238618
4711	9.762166059
4712	9.76209361
4713	9.761458663
4714	9.760875993
4715	9.760803603
4716	9.760731399
4717	9.760318967
4718	9.760246929
4719	9.759703042
4720	9.759631212
4721	9.759559567
4722	9.758246366
4723	9.757868887
4724	9.756125444
4725	9.755755793
4726	9.755156281
4727	9.755084384
4728	9.755012673
4729	9.754956499
4730	9.753655084
4731	9.753128912
4732	9.752784629
4733	9.752517258
4734	9.7507848
4735	9.749308434
4736	9.748805278
4737	9.748359453
4738	9.747945945
4739	9.747873808
4740	9.747801857
4741	9.747730091
4742	9.746441658
4743	9.745865412
4744	9.745514399
4745	9.745457748
4746	9.745098769
4747	9.743640268
4748	9.743583597
4749	9.743527099
4750	9.743191752
4751	9.742693232
4752	9.741926058
4753	9.740609666
4754	9.740537882
4755	9.740466283
4756	9.739916195
4757	9.739844761
4758	9.739773511
4759	9.739393486
4760	9.738817439
4761	9.737540182
4762	9.737239269
4763	9.7357979
4764	9.734077889
4765	9.733586013
4766	9.732320525
4767	9.731668027
4768	9.731596041
4769	9.73016921
4770	9.729822892
4771	9.729318304
4772	9.729246227
4773	9.729189709
4774	9.727776459
4775	9.726068866
4776	9.726019821
4777	9.72564426
4778	9.725245447
4779	9.724618209
4780	9.724546338
4781	9.723972931
4782	9.723083787
4783	9.722698916
4784	9.721004198
4785	9.720627053
4786	9.720322735
4787	9.719972237
4788	9.718330849
4789	9.717847661
4790	9.717775603
4791	9.71652036
4792	9.715228134
4793	9.713945433
4794	9.713888892
4795	9.712236758
4796	9.711355664
4797	9.709985554
4798	9.708623307
4799	9.708275462
4800	9.708218948
4801	9.70770154
4802	9.706304767
4803	9.705827021
4804	9.704559446
4805	9.704191169
4806	9.702945522
4807	9.702471915
4808	9.702422581
4809	9.702350296
4810	9.701114852
4811	9.701057951
4812	9.700985747
4813	9.700365743
4814	9.70030917
4815	9.70025277
4816	9.700181061
4817	9.698549208
4818	9.696932339
4819	9.696860687
4820	9.696382763
4821	9.696151617
4822	9.696080123
4823	9.696008741
4824	9.695644843
4825	9.695573618
4826	9.693970055
4827	9.692738508
4828	9.692518599
4829	9.692447207
4830	9.692376
4831	9.691869987
4832	9.691798872
4833	9.691727875
4834	9.691225661
4835	9.690611327
4836	9.690225186
4837	9.689477821
4838	9.689135786
4839	9.687914624
4840	9.687858487
4841	9.686266505
4842	9.685800517
4843	9.685729357
4844	9.685658381
4845	9.685587545
4846	9.685516848
4847	9.685270304
4848	9.684937505
4849	9.68486682
4850	9.684796298
4851	9.684286777
4852	9.683944784
4853	9.683351778
4854	9.68301332
4855	9.68294281
4856	9.681702179
4857	9.680470668
4858	9.679093124
4859	9.677883838
4860	9.676521242
4861	9.675872943
4862	9.67430006
4863	9.674244371
4864	9.672892972
4865	9.672492179
4866	9.671898656
4867	9.671827564
4868	9.671771908
4869	9.671701154
4870	9.671630582
4871	9.671575401
4872	9.671505163
4873	9.670165784
4874	9.669807274
4875	9.669752212
4876	9.668405871
4877	9.668350951
4878	9.667891056
4879	9.66666902
4880	9.665343098
4881	9.664843271
4882	9.66477298
4883	9.664718182
4884	9.664129712
4885	9.663655984
4886	9.663119015
4887	9.663048874
4888	9.662994252
4889	9.662657627
4890	9.66228894
4891	9.660977045
4892	9.660907004
4893	9.660837145
4894	9.660517331
4895	9.660447624
4896	9.660378064
4897	9.660308631
4898	9.658775922
4899	9.658168339
4900	9.658098962
4901	9.656548191
4902	9.656215659
4903	9.656146357
4904	9.654951355
4905	9.654882001
4906	9.653582875
4907	9.653184032
4908	9.653114609
4909	9.653045366
4910	9.652696308
4911	9.651188199
4912	9.651119095
4913	9.649935447
4914	9.649866201
4915	9.649797132
4916	9.649462739
4917	9.648821676
4918	9.648500687
4919	9.648431727
4920	9.648081987
4921	9.648013207
4922	9.647959651
4923	9.647628287
4924	9.647559769
4925	9.647491345
4926	9.646997016
4927	9.646928769
4928	9.646860615
4929	9.646503713
4930	9.646435711
4931	9.646109499
4932	9.645785893
4933	9.64449875
4934	9.643962849
4935	9.643377537
4936	9.643309281
4937	9.642103171
4938	9.640606547
4939	9.639435506
4940	9.638964797
4941	9.638721832
4942	9.638400344
4943	9.638331923
4944	9.637740284
4945	9.637672045
4946	9.637297167
4947	9.63696642
4948	9.635450508
4949	9.634567664
4950	9.633409601
4951	9.633118859
4952	9.633050407
4953	9.632453883
4954	9.632385605
4955	9.632068668
4956	9.631476289
4957	9.630982949
4958	9.62983479
4959	9.629203034
4960	9.628838807
4961	9.627701588
4962	9.627218554
4963	9.626352284
4964	9.626305352
4965	9.625038271
4966	9.624456933
4967	9.623330836
4968	9.623276368
4969	9.6232073
4970	9.622910078
4971	9.622841197
4972	9.622787242
4973	9.621592545
4974	9.620337844
4975	9.619094782
4976	9.619040775
4977	9.618972033
4978	9.618482774
4979	9.618414143
4980	9.617788359
4981	9.617741718
4982	9.617673424
4983	9.61762012
4984	9.617240956
4985	9.616493793
4986	9.616425732
4987	9.615192017
4988	9.615123935
4989	9.614645579
4990	9.613313514
4991	9.612870196
4992	9.612559277
4993	9.6122347
4994	9.612166685
4995	9.611771807
4996	9.611194127
4997	9.611126109
4998	9.609619047
4999	9.609287253
5000	9.608171824
5001	9.607597037
5002	9.607073129
5003	9.607004915
5004	9.606936878
5005	9.606629335
5006	9.606561469
5007	9.606493778
5008	9.606440869
5009	9.606373462
5010	9.606306183
5011	9.606239041
5012	9.605131891
5013	9.604549557
5014	9.604226493
5015	9.60417383
5016	9.603711428
5017	9.603644292
5018	9.603124389
5019	9.601938704
5020	9.601886365
5021	9.601396084
5022	9.600220048
5023	9.599857162
5024	9.599805047
5025	9.599457594
5026	9.599390985
5027	9.5993245
5028	9.59783647
5029	9.59725815
5030	9.596742694
5031	9.596676304
5032	9.596359451
5033	9.595923976
5034	9.595857659
5035	9.595791487
5036	9.594630747
5037	9.594564749
5038	9.594203126
5039	9.593858542
5040	9.593792654
5041	9.59372687
5042	9.59329544
5043	9.593229775
5044	9.593164213
5045	9.593098806
5046	9.591993958
5047	9.591942906
5048	9.591626998
5049	9.591116098
5050	9.590849439
5051	9.589635193
5052	9.589584136
5053	9.589518638
5054	9.589453309
5055	9.58911148
5056	9.588530641
5057	9.587436616
5058	9.586929793
5059	9.585845013
5060	9.584520979
5061	9.583445761
5062	9.583024216
5063	9.582711894
5064	9.58209531
5065	9.581522067
5066	9.581006179
5067	9.579811334
5068	9.579744999
5069	9.579405188
5070	9.579115117
5071	9.579048916
5072	9.578185769
5073	9.578119639
5074	9.578053679
5075	9.576867987
5076	9.576802007
5077	9.576333921
5078	9.576268049
5079	9.576216745
5080	9.576151184
5081	9.574976172
5082	9.57491059
5083	9.574681468
5084	9.573517663
5085	9.572952383
5086	9.5728866
5087	9.572835481
5088	9.572499379
5089	9.572433885
5090	9.572003956
5091	9.571393743
5092	9.570789313
5093	9.569728563
5094	9.569422696
5095	9.569371716
5096	9.569306374
5097	9.568783097
5098	9.568479179
5099	9.568414042
5100	9.568363551
5101	9.567309981
5102	9.567007212
5103	9.566942166
5104	9.566627225
5105	9.566030135
5106	9.5656962
5107	9.565631189
5108	9.564585821
5109	9.564043923
5110	9.563978747
5111	9.563677545
5112	9.563140557
5113	9.561974445
5114	9.561909437
5115	9.561467738
5116	9.56102948
5117	9.5598799
5118	9.559453871
5119	9.559388713
5120	9.558834578
5121	9.558769486
5122	9.558704562
5123	9.558654191
5124	9.558589574
5125	9.558155991
5126	9.557607234
5127	9.557020359
5128	9.555854084
5129	9.555789568
5130	9.555725187
5131	9.555660924
5132	9.555596796
5133	9.555532784
5134	9.555468907
5135	9.554429617
5136	9.553271823
5137	9.552708042
5138	9.552420115
5139	9.550934753
5140	9.550870808
5141	9.550807021
5142	9.550743326
5143	9.549603166
5144	9.549170259
5145	9.548139729
5146	9.547012208
5147	9.546962332
5148	9.546473924
5149	9.546409876
5150	9.546366375
5151	9.546070985
5152	9.546021531
5153	9.545957922
5154	9.545894459
5155	9.54559739
5156	9.545303426
5157	9.545010903
5158	9.544947562
5159	9.543633273
5160	9.543570014
5161	9.543506893
5162	9.542956944
5163	9.541934902
5164	9.541871622
5165	9.541617172
5166	9.541301822
5167	9.541252761
5168	9.54023993
5169	9.540190769
5170	9.539904331
5171	9.538792579
5172	9.538435598
5173	9.538144052
5174	9.536838384
5175	9.536410353
5176	9.536346948
5177	9.536297789
5178	9.535755496
5179	9.53569229
5180	9.535441334
5181	9.533982679
5182	9.533732839
5183	9.533425455
5184	9.532276391
5185	9.531882687
5186	9.531819495
5187	9.531756466
5188	9.531466503
5189	9.531403647
5190	9.531036906
5191	9.530748579
5192	9.530685886
5193	9.530637434
5194	9.53058913
5195	9.529487507
5196	9.528346751
5197	9.528284365
5198	9.527973146
5199	9.527754889
5200	9.526622384
5201	9.525161607
5202	9.525099311
5203	9.524547758
5204	9.524485588
5205	9.52442353
5206	9.523417799
5207	9.52230018
5208	9.522238091
5209	9.521146773
5210	9.519703863
5211	9.518622228
5212	9.517627244
5213	9.517564731
5214	9.516161758
5215	9.515680498
5216	9.515618117
5217	9.515255386
5218	9.514155242
5219	9.513867521
5220	9.513805358
5221	9.512735022
5222	9.512323182
5223	9.511550741
5224	9.511488474
5225	9.51115901
5226	9.511096847
5227	9.510811228
5228	9.510527005
5229	9.510464989
5230	9.510417246
5231	9.510355471
5232	9.509797589
5233	9.50935121
5234	9.509289455
5235	9.509227858
5236	9.508167476
5237	9.508120018
5238	9.507133319
5239	9.506155293
5240	9.505059864
5241	9.504505191
5242	9.504031096
5243	9.503061003
5244	9.502998818
5245	9.502195738
5246	9.501788632
5247	9.501307596
5248	9.501245525
5249	9.499956921
5250	9.499552574
5251	9.499166196
5252	9.498875545
5253	9.497833026
5254	9.49761919
5255	9.497556918
5256	9.49681908
5257	9.496607098
5258	9.496325194
5259	9.494937539
5260	9.494875284
5261	9.494594346
5262	9.494307698
5263	9.494259735
5264	9.494197781
5265	9.493970266
5266	9.493908507
5267	9.493846907
5268	9.492885361
5269	9.492597722
5270	9.492082697
5271	9.491683571
5272	9.491164942
5273	9.491117111
5274	9.490568064
5275	9.490288901
5276	9.489963677
5277	9.488556032
5278	9.488044512
5279	9.487766007
5280	9.487704217
5281	9.487427086
5282	9.487151311
5283	9.486717418
5284	9.486655755
5285	9.485624879
5286	9.485577168
5287	9.484623347
5288	9.48367791
5289	9.483403913
5290	9.48334196
5291	9.483134106
5292	9.483072242
5293	9.483024446
5294	9.482751748
5295	9.482429605
5296	9.481887349
5297	9.481825671
5298	9.480887496
5299	9.480468841
5300	9.480407068
5301	9.479879017
5302	9.479817416
5303	9.479546363
5304	9.478531084
5305	9.478279584
5306	9.478096693
5307	9.476818137
5308	9.476756448
5309	9.47575154
5310	9.475709293
5311	9.475206297
5312	9.475144652
5313	9.474611714
5314	9.474550133
5315	9.47448871
5316	9.474168889
5317	9.474126934
5318	9.474079607
5319	9.474018575
5320	9.473749112
5321	9.473688249
5322	9.472417748
5323	9.472357015
5324	9.471093779
5325	9.471033157
5326	9.470500304
5327	9.469092569
5328	9.468581173
5329	9.467492286
5330	9.467445637
5331	9.467399132
5332	9.466623077
5333	9.466355586
5334	9.465964315
5335	9.465698154
5336	9.464442523
5337	9.46401918
5338	9.463958873
5339	9.463666055
5340	9.463159113
5341	9.463112741
5342	9.46305273
5343	9.462992873
5344	9.461743841
5345	9.4613323
5346	9.460090013
5347	9.459556732
5348	9.45949684
5349	9.459139931
5350	9.458722617
5351	9.458681834
5352	9.458328371
5353	9.457891295
5354	9.45753918
5355	9.456603922
5356	9.456557714
5357	9.455472131
5358	9.455412486
5359	9.455093333
5360	9.45503375
5361	9.454772769
5362	9.454713333
5363	9.453785037
5364	9.452798878
5365	9.452617659
5366	9.452557923
5367	9.451639573
5368	9.450276943
5369	9.450230771
5370	9.449982756
5371	9.449722206
5372	9.449315568
5373	9.448240207
5374	9.448194168
5375	9.447661317
5376	9.446748922
5377	9.446708165
5378	9.446648434
5379	9.446144325
5380	9.445856986
5381	9.445810996
5382	9.445751548
5383	9.44534692
5384	9.444963398
5385	9.444562554
5386	9.444164809
5387	9.4438826
5388	9.442975448
5389	9.44292931
5390	9.44286977
5391	9.442308986
5392	9.442249624
5393	9.44184503
5394	9.441465985
5395	9.440941167
5396	9.439559018
5397	9.439513156
5398	9.439257926
5399	9.438049532
5400	9.436679929
5401	9.43642544
5402	9.435522659
5403	9.43514763
5404	9.434623281
5405	9.43407076
5406	9.433552105
5407	9.432801312
5408	9.432521894
5409	9.432462159
5410	9.431388594
5411	9.43114419
5412	9.43108463
5413	9.430831614
5414	9.4297653
5415	9.429247157
5416	9.428995278
5417	9.427934138
5418	9.427591935
5419	9.427532558
5420	9.427473333
5421	9.42741426
5422	9.427129809
5423	9.42675794
5424	9.425787312
5425	9.42553691
5426	9.425496434
5427	9.425115902
5428	9.425056863
5429	9.424997976
5430	9.424952706
5431	9.424057581
5432	9.423097173
5433	9.423038204
5434	9.422086571
5435	9.422027592
5436	9.421829868
5437	9.42132436
5438	9.421002254
5439	9.420721927
5440	9.420332198
5441	9.419468072
5442	9.418955772
5443	9.418896592
5444	9.418531517
5445	9.41847246
5446	9.418413555
5447	9.417972729
5448	9.417796196
5449	9.417548763
5450	9.417264028
5451	9.417205226
5452	9.417146575
5453	9.415815421
5454	9.415756799
5455	9.415479214
5456	9.415420734
5457	9.415178019
5458	9.414123694
5459	9.413185587
5460	9.411845416
5461	9.41148437
5462	9.411425827
5463	9.411367421
5464	9.411083372
5465	9.410570037
5466	9.410261529
5467	9.409752773
5468	9.409472029
5469	9.409196397
5470	9.407888144
5471	9.407829564
5472	9.407771135
5473	9.406474866
5474	9.406089727
5475	9.405203899
5476	9.404831045
5477	9.40477249
5478	9.404714085
5479	9.404655831
5480	9.403616373
5481	9.403558323
5482	9.403500423
5483	9.402568897
5484	9.402510988
5485	9.402263487
5486	9.402019763
5487	9.401479942
5488	9.401199488
5489	9.399631913
5490	9.399296598
5491	9.399019183
5492	9.398140283
5493	9.397751989
5494	9.397706981
5495	9.397648807
5496	9.39714229
5497	9.396902353
5498	9.396713837
5499	9.396655628
5500	9.395615854
5501	9.39557116
5502	9.395300268
5503	9.394015327
5504	9.393970746
5505	9.393200206
5506	9.392277791
5507	9.391251319
5508	9.391193391
5509	9.390840179
5510	9.390782371
5511	9.390541482
5512	9.39048379
5513	9.390238019
5514	9.390180413
5515	9.389875249
5516	9.389608104
5517	9.389550579
5518	9.389493167
5519	9.388473636
5520	9.388125101
5521	9.388067827
5522	9.387587731
5523	9.3863239
5524	9.386266667
5525	9.386025927
5526	9.385152651
5527	9.385108562
5528	9.385064607
5529	9.38458759
5530	9.384530559
5531	9.383300995
5532	9.383055493
5533	9.382189009
5534	9.381802547
5535	9.380794151
5536	9.380550136
5537	9.380219768
5538	9.380162685
5539	9.38010575
5540	9.379726349
5541	9.379291095
5542	9.378793776
5543	9.378736954
5544	9.378305376
5545	9.377792465
5546	9.377735685
5547	9.377692228
5548	9.376436852
5549	9.37543719
5550	9.375196854
5551	9.374918574
5552	9.374444811
5553	9.373581255
5554	9.373524593
5555	9.372669069
5556	9.372612439
5557	9.37255594
5558	9.372512693
5559	9.372469578
5560	9.371958569
5561	9.37124783
5562	9.371010892
5563	9.370540484
5564	9.370497391
5565	9.370441211
5566	9.369913335
5567	9.369466394
5568	9.369092817
5569	9.369036774
5570	9.367793787
5571	9.367737788
5572	9.367397845
5573	9.367159389
5574	9.366457806
5575	9.366415136
5576	9.366372596
5577	9.366002586
5578	9.365946917
5579	9.365579712
5580	9.365343661
5581	9.365288058
5582	9.364030856
5583	9.363729477
5584	9.363673918
5585	9.363438463
5586	9.362192608
5587	9.362137105
5588	9.362081743
5589	9.362026457
5590	9.361984501
5591	9.36192943
5592	9.361652698
5593	9.361414785
5594	9.361359781
5595	9.361304919
5596	9.360796751
5597	9.36056202
5598	9.360262934
5599	9.360208119
5600	9.359216806
5601	9.358980777
5602	9.358656968
5603	9.358282367
5604	9.358047837
5605	9.357814153
5606	9.357759435
5607	9.357704857
5608	9.356719856
5609	9.356487172
5610	9.356125866
5611	9.356071476
5612	9.355708452
5613	9.354845745
5614	9.354382984
5615	9.354341581
5616	9.354287227
5617	9.354233012
5618	9.353867549
5619	9.353813444
5620	9.353523697
5621	9.352667669
5622	9.352434925
5623	9.351747654
5624	9.351693402
5625	9.351462844
5626	9.350228603
5627	9.349380771
5628	9.349339362
5629	9.348139793
5630	9.348085559
5631	9.348031465
5632	9.347773685
5633	9.347381525
5634	9.34689129
5635	9.346662025
5636	9.346620852
5637	9.346579803
5638	9.346187158
5639	9.345959672
5640	9.345727056
5641	9.345221464
5642	9.345180453
5643	9.344203883
5644	9.344150113
5645	9.344096481
5646	9.344055877
5647	9.343602757
5648	9.343152249
5649	9.342785942
5650	9.342745425
5651	9.342297483
5652	9.341070787
5653	9.340803334
5654	9.340442917
5655	9.340389547
5656	9.34020568
5657	9.339963906
5658	9.339733487
5659	9.339680145
5660	9.339626917
5661	9.339354039
5662	9.338383469
5663	9.338025754
5664	9.336814822
5665	9.336546574
5666	9.335829464
5667	9.335473745
5668	9.3354205
5669	9.33536736
5670	9.335100649
5671	9.335047608
5672	9.334725086
5673	9.334672122
5674	9.334443418
5675	9.334123359
5676	9.33385753
5677	9.333630136
5678	9.333577234
5679	9.332731352
5680	9.332022344
5681	9.331168306
5682	9.330940407
5683	9.330702638
5684	9.329741242
5685	9.329389864
5686	9.329163501
5687	9.329110342
5688	9.328821983
5689	9.328768945
5690	9.328716042
5691	9.328490686
5692	9.328266411
5693	9.328213604
5694	9.327770071
5695	9.327543711
5696	9.326500688
5697	9.325654598
5698	9.32543153
5699	9.325119465
5700	9.324279799
5701	9.323611801
5702	9.323558815
5703	9.323285777
5704	9.322940537
5705	9.322900299
5706	9.322461608
5707	9.322408784
5708	9.322148088
5709	9.322095385
5710	9.321135233
5711	9.320302185
5712	9.319993652
5713	9.319724321
5714	9.318526988
5715	9.317867292
5716	9.317644439
5717	9.317422655
5718	9.316596574
5719	9.316375559
5720	9.316104988
5721	9.315885082
5722	9.314932823
5723	9.31489257
5724	9.313947407
5725	9.31389466
5726	9.313842048
5727	9.313789572
5728	9.312968506
5729	9.312915987
5730	9.312042111
5731	9.311610581
5732	9.311558056
5733	9.311338878
5734	9.311286489
5735	9.311246753
5736	9.310977674
5737	9.310693897
5738	9.309754308
5739	9.308940559
5740	9.308678932
5741	9.308335759
5742	9.30829588
5743	9.307361994
5744	9.306554863
5745	9.305333326
5746	9.304184126
5747	9.30338351
5748	9.303330864
5749	9.302841069
5750	9.302682472
5751	9.301758694
5752	9.301532399
5753	9.301312968
5754	9.301260403
5755	9.301220516
5756	9.30118075
5757	9.301128541
5758	9.300268849
5759	9.299993292
5760	9.299689694
5761	9.29965427
5762	9.299602058
5763	9.299549981
5764	9.299276257
5765	9.298357658
5766	9.298098498
5767	9.29788011
5768	9.297828149
5769	9.297610806
5770	9.297394508
5771	9.297169337
5772	9.296256431
5773	9.296032643
5774	9.295719596
5775	9.295418156
5776	9.295202959
5777	9.29450828
5778	9.293713983
5779	9.29366189
5780	9.292755441
5781	9.292481015
5782	9.292429034
5783	9.292127402
5784	9.292075555
5785	9.292036362
5786	9.291984728
5787	9.291933191
5788	9.291509348
5789	9.290984973
5790	9.290465517
5791	9.289560769
5792	9.289250492
5793	9.289198966
5794	9.28916013
5795	9.289108843
5796	9.289057688
5797	9.288843168
5798	9.288792108
5799	9.288741161
5800	9.288399211
5801	9.288168786
5802	9.287016911
5803	9.286498314
5804	9.286203089
5805	9.285989869
5806	9.285777669
5807	9.284985789
5808	9.284947111
5809	9.284724896
5810	9.284211679
5811	9.2839335
5812	9.283626801
5813	9.283575617
5814	9.282791759
5815	9.282451621
5816	9.282216426
5817	9.282005307
5818	9.281954045
5819	9.281591604
5820	9.281322305
5821	9.281271156
5822	9.281060956
5823	9.280553113
5824	9.280343974
5825	9.280305251
5826	9.280038195
5827	9.279987208
5828	9.279209061
5829	9.27917032
5830	9.279119402
5831	9.278074361
5832	9.278023583
5833	9.277972915
5834	9.277612254
5835	9.276970671
5836	9.276762122
5837	9.276068968
5838	9.274919138
5839	9.274584957
5840	9.273942499
5841	9.273436638
5842	9.273385872
5843	9.273144978
5844	9.27288917
5845	9.272116657
5846	9.271909341
5847	9.271763294
5848	9.271712498
5849	9.271678123
5850	9.271415159
5851	9.271002405
5852	9.270951884
5853	9.270901453
5854	9.270638576
5855	9.270282687
5856	9.27024441
5857	9.270194172
5858	9.269901129
5859	9.269850959
5860	9.269695347
5861	9.269657357
5862	9.269304323
5863	9.269254357
5864	9.268888409
5865	9.268850563
5866	9.26858369
5867	9.267965699
5868	9.267797698
5869	9.267583889
5870	9.267546048
5871	9.267261365
5872	9.267042203
5873	9.266137157
5874	9.265806473
5875	9.265756499
5876	9.265466377
5877	9.265428715
5878	9.264286589
5879	9.264249043
5880	9.263413924
5881	9.263364173
5882	9.263051687
5883	9.262285312
5884	9.262235552
5885	9.261973961
5886	9.261924314
5887	9.261874795
5888	9.261708961
5889	9.261379998
5890	9.261330519
5891	9.260569992
5892	9.260520476
5893	9.260471062
5894	9.260433785
5895	9.260384563
5896	9.260335408
5897	9.259580881
5898	9.259375118
5899	9.259325936
5900	9.259024012
5901	9.258275844
5902	9.258070973
5903	9.25803376
5904	9.257798244
5905	9.256964156
5906	9.256637597
5907	9.256600342
5908	9.256397222
5909	9.256348029
5910	9.255861863
5911	9.255824811
5912	9.255480496
5913	9.254580274
5914	9.254336452
5915	9.254287463
5916	9.254070005
5917	9.253244904
5918	9.253207947
5919	9.253005981
5920	9.252038449
5921	9.252001615
5922	9.251259703
5923	9.25099919
5924	9.249861037
5925	9.248733387
5926	9.248516136
5927	9.248116248
5928	9.248067165
5929	9.248018184
5930	9.247969292
5931	9.2479205
5932	9.247871798
5933	9.247823196
5934	9.247774683
5935	9.247507343
5936	9.247458914
5937	9.247237011
5938	9.246419223
5939	9.245531323
5940	9.245494953
5941	9.245446651
5942	9.245398439
5943	9.245362343
5944	9.245314318
5945	9.245266366
5946	9.245073053
5947	9.244191684
5948	9.243865724
5949	9.242652034
5950	9.241839542
5951	9.241515945
5952	9.241467984
5953	9.24118216
5954	9.241134315
5955	9.240737505
5956	9.240395968
5957	9.239357138
5958	9.239058316
5959	9.238319948
5960	9.238272015
5961	9.238236231
5962	9.237123127
5963	9.23690583
5964	9.236858082
5965	9.23605101
5966	9.234844174
5967	9.234112795
5968	9.234064858
5969	9.233782661
5970	9.233567438
5971	9.233519596
5972	9.233154994
5973	9.233119235
5974	9.233071585
5975	9.232870586
5976	9.232708352
5977	9.231778608
5978	9.231578418
5979	9.230378874
5980	9.230179571
5981	9.230131953
5982	9.230084413
5983	9.22935969
5984	9.229211068
5985	9.228339431
5986	9.228303863
5987	9.228105108
5988	9.227843384
5989	9.22759633
5990	9.227261373
5991	9.227225854
5992	9.226902815
5993	9.226107759
5994	9.226072222
5995	9.224879811
5996	9.224665854
5997	9.224158541
5998	9.223917401
5999	9.223881866
6000	9.223670428
6001	9.223622908
6002	9.223120896
6003	9.222435978
6004	9.222176286
6005	9.221458907
6006	9.221098398
6007	9.220882028
6008	9.22083429
6009	9.220445596
6010	9.220151362
6011	9.219942157
6012	9.219622759
6013	9.219587063
6014	9.219268503
6015	9.219044152
6016	9.218787619
6017	9.217677674
6018	9.217470019
6019	9.216431232
6020	9.216383575
6021	9.216336041
6022	9.216189394
6023	9.215922416
6024	9.215699857
6025	9.215493885
6026	9.215110017
6027	9.214238993
6028	9.213204415
6029	9.212491436
6030	9.212443856
6031	9.212127383
6032	9.211884356
6033	9.211385801
6034	9.211082855
6035	9.210807014
6036	9.210008122
6037	9.208906396
6038	9.208311302
6039	9.208275558
6040	9.207185876
6041	9.207138302
6042	9.206430887
6043	9.206286967
6044	9.206091228
6045	9.205733196
6046	9.205443122
6047	9.205129108
6048	9.204924448
6049	9.204705873
6050	9.204450929
6051	9.204415045
6052	9.204367405
6053	9.20417325
6054	9.204125742
6055	9.203043213
6056	9.202731555
6057	9.202444209
6058	9.20240863
6059	9.201732224
6060	9.201511279
6061	9.201307074
6062	9.201114695
6063	9.200986329
6064	9.199912211
6065	9.199627433
6066	9.198597675
6067	9.198550258
6068	9.198291218
6069	9.198243901
6070	9.19746325
6071	9.197415925
6072	9.196642424
6073	9.196595091
6074	9.196297092
6075	9.196065041
6076	9.195000745
6077	9.194953532
6078	9.194918272
6079	9.194214165
6080	9.194178841
6081	9.194131793
6082	9.193990332
6083	9.193716835
6084	9.193444529
6085	9.193118942
6086	9.192745271
6087	9.192698346
6088	9.192651542
6089	9.192382476
6090	9.192335767
6091	9.192116499
6092	9.191263013
6093	9.190892551
6094	9.190688325
6095	9.190653467
6096	9.189805933
6097	9.189759485
6098	9.189618726
6099	9.189427654
6100	9.189393021
6101	9.188888692
6102	9.188649678
6103	9.188603311
6104	9.188246586
6105	9.187196257
6106	9.187056647
6107	9.18701034
6108	9.18681486
6109	9.186780368
6110	9.185756887
6111	9.185710745
6112	9.185519853
6113	9.18531615
6114	9.185270097
6115	9.185068127
6116	9.18503385
6117	9.184843847
6118	9.184797943
6119	9.184098771
6120	9.184052834
6121	9.184007
6122	9.183806948
6123	9.182969239
6124	9.182275983
6125	9.181243351
6126	9.181209125
6127	9.180972667
6128	9.180926857
6129	9.180660573
6130	9.180614875
6131	9.180108275
6132	9.180062569
6133	9.179770234
6134	9.178976132
6135	9.178749738
6136	9.178484927
6137	9.17843925
6138	9.177410955
6139	9.176402158
6140	9.176138298
6141	9.175937759
6142	9.175747947
6143	9.174920568
6144	9.174606236
6145	9.173817394
6146	9.173771751
6147	9.17357168
6148	9.173345112
6149	9.173156699
6150	9.173122858
6151	9.173077386
6152	9.17276685
6153	9.171943841
6154	9.171720689
6155	9.171687061
6156	9.171428054
6157	9.17073844
6158	9.170477356
6159	9.170443616
6160	9.170134474
6161	9.169378638
6162	9.169333145
6163	9.169143368
6164	9.168886424
6165	9.168627342
6166	9.168581923
6167	9.167763226
6168	9.166982044
6169	9.166208229
6170	9.165833527
6171	9.165618443
6172	9.164606457
6173	9.16456094
6174	9.164326065
6175	9.16401985
6176	9.163974417
6177	9.163756095
6178	9.163570744
6179	9.163525378
6180	9.163340893
6181	9.162600548
6182	9.161940401
6183	9.16125726
6184	9.161211717
6185	9.161073202
6186	9.160309992
6187	9.160126469
6188	9.1591202
6189	9.158860347
6190	9.158814799
6191	9.158769338
6192	9.158723966
6193	9.157538445
6194	9.157493142
6195	9.157337347
6196	9.157081981
6197	9.156771942
6198	9.156265621
6199	9.156066029
6200	9.156035578
6201	9.155852358
6202	9.155807103
6203	9.15559662
6204	9.155563201
6205	9.154563959
6206	9.154518817
6207	9.15432003
6208	9.153818221
6209	9.153784879
6210	9.153527228
6211	9.153497001
6212	9.153241398
6213	9.152744636
6214	9.152066597
6215	9.151809811
6216	9.151776336
6217	9.151593392
6218	9.151385962
6219	9.151340841
6220	9.151087415
6221	9.150891652
6222	9.150640375
6223	9.150446364
6224	9.149447913
6225	9.149414471
6226	9.148742173
6227	9.148708671
6228	9.148489013
6229	9.148455613
6230	9.1481509
6231	9.147957853
6232	9.147741033
6233	9.147439844
6234	9.147090028
6235	9.146098731
6236	9.146053718
6237	9.146008821
6238	9.145340594
6239	9.144357859
6240	9.144128028
6241	9.143669115
6242	9.143314375
6243	9.142506965
6244	9.14246206
6245	9.14241727
6246	9.141615897
6247	9.141571264
6248	9.141538279
6249	9.141038091
6250	9.140275257
6251	9.140066321
6252	9.139572112
6253	9.139527437
6254	9.139494442
6255	9.139243677
6256	9.138991096
6257	9.138689883
6258	9.138389562
6259	9.137417989
6260	9.137167505
6261	9.137089309
6262	9.136873767
6263	9.136209023
6264	9.136015862
6265	9.135765096
6266	9.135583245
6267	9.135550162
6268	9.135347864
6269	9.135066315
6270	9.13476819
6271	9.134567386
6272	9.134077111
6273	9.134043964
6274	9.133894263
6275	9.133645602
6276	9.133601052
6277	9.13294053
6278	9.132895951
6279	9.131869081
6280	9.131824614
6281	9.131157987
6282	9.131113537
6283	9.131069188
6284	9.130911211
6285	9.130109753
6286	9.130065541
6287	9.129817954
6288	9.129167875
6289	9.129135165
6290	9.12892147
6291	9.128674883
6292	9.127916177
6293	9.127670426
6294	9.127626248
6295	9.127582159
6296	9.127337478
6297	9.127293472
6298	9.127249555
6299	9.12712525
6300	9.127081408
6301	9.126951682
6302	9.126919367
6303	9.126734623
6304	9.125938397
6305	9.125894765
6306	9.125646004
6307	9.125463239
6308	9.125419701
6309	9.125123524
6310	9.124478997
6311	9.1244469
6312	9.124272832
6313	9.124070415
6314	9.123413377
6315	9.123234529
6316	9.12305652
6317	9.121877291
6318	9.121845111
6319	9.121801618
6320	9.121597758
6321	9.120638819
6322	9.120395835
6323	9.119370541
6324	9.119079075
6325	9.118849828
6326	9.118649299
6327	9.118156058
6328	9.118112489
6329	9.118069032
6330	9.117415947
6331	9.116242636
6332	9.116030567
6333	9.11584967
6334	9.115655081
6335	9.114862751
6336	9.114528114
6337	9.11449587
6338	9.114207919
6339	9.113996905
6340	9.113953519
6341	9.113662416
6342	9.113440035
6343	9.113195035
6344	9.112952017
6345	9.112663536
6346	9.112470497
6347	9.111714615
6348	9.110546766
6349	9.110307874
6350	9.109558811
6351	9.109316927
6352	9.109284486
6353	9.10849866
6354	9.108013322
6355	9.107739919
6356	9.107093568
6357	9.10704978
6358	9.107017306
6359	9.106973721
6360	9.106783375
6361	9.106497536
6362	9.106322489
6363	9.106278972
6364	9.105635549
6365	9.105592152
6366	9.104571463
6367	9.104528189
6368	9.104048031
6369	9.103872914
6370	9.103840766
6371	9.103365391
6372	9.103322141
6373	9.103279002
6374	9.103091838
6375	9.102450289
6376	9.101745384
6377	9.101713361
6378	9.101670289
6379	9.101641042
6380	9.100676533
6381	9.100389016
6382	9.100214619
6383	9.099974924
6384	9.09993195
6385	9.099290235
6386	9.099051758
6387	9.098034496
6388	9.097848159
6389	9.097053222
6390	9.097021388
6391	9.096793957
6392	9.096751085
6393	9.096577052
6394	9.096403832
6395	9.096361033
6396	9.09603427
6397	9.095991582
6398	9.095783423
6399	9.095576298
6400	9.095340041
6401	9.095297412
6402	9.095114405
6403	9.094908962
6404	9.093745468
6405	9.093702915
6406	9.093461594
6407	9.093180977
6408	9.092391089
6409	9.092348661
6410	9.092082625
6411	9.092040239
6412	9.091834857
6413	9.091792595
6414	9.091602671
6415	9.091571456
6416	9.091540336
6417	9.091065694
6418	9.091034618
6419	9.09090823
6420	9.090674944
6421	9.090395762
6422	9.090149925
6423	9.089886603
6424	9.089716589
6425	9.088701427
6426	9.088482763
6427	9.08844072
6428	9.088312697
6429	9.087993841
6430	9.087951838
6431	9.087920946
6432	9.087879104
6433	9.08764142
6434	9.086630697
6435	9.085892219
6436	9.085615615
6437	9.085573763
6438	9.085342585
6439	9.085112414
6440	9.084933271
6441	9.084704069
6442	9.083697685
6443	9.083458865
6444	9.083221971
6445	9.082582083
6446	9.082540231
6447	9.081750966
6448	9.081233185
6449	9.081202366
6450	9.081160715
6451	9.081011728
6452	9.080377272
6453	9.080064069
6454	9.079829559
6455	9.079096136
6456	9.078627579
6457	9.078400197
6458	9.078358379
6459	9.07817466
6460	9.07790436
6461	9.077862624
6462	9.077713425
6463	9.077531146
6464	9.077298312
6465	9.07707479
6466	9.076949853
6467	9.0767177
6468	9.075556473
6469	9.075514803
6470	9.075473239
6471	9.075300152
6472	9.075258661
6473	9.07512933
6474	9.074778134
6475	9.074736692
6476	9.074109678
6477	9.073800805
6478	9.073759339
6479	9.07371798
6480	9.073493569
6481	9.073270135
6482	9.073100266
6483	9.072877774
6484	9.072149439
6485	9.071930479
6486	9.071708733
6487	9.071667386
6488	9.071014462
6489	9.070833379
6490	9.07061263
6491	9.070521029
6492	9.070492888
6493	9.070313317
6494	9.070049778
6495	9.068894507
6496	9.067745859
6497	9.067526759
6498	9.067485458
6499	9.067348441
6500	9.066342915
6501	9.066212365
6502	9.065532158
6503	9.065490846
6504	9.065288158
6505	9.064569348
6506	9.064528014
6507	9.064486786
6508	9.064229949
6509	9.064023157
6510	9.063722236
6511	9.06357399
6512	9.063552606
6513	9.063355275
6514	9.063314184
6515	9.063080507
6516	9.062288968
6517	9.062071557
6518	9.061903555
6519	9.061441541
6520	9.061225445
6521	9.06026915
6522	9.059809718
6523	9.05976862
6524	9.059601192
6525	9.059146047
6526	9.058943433
6527	9.058902364
6528	9.058759121
6529	9.058482075
6530	9.057775773
6531	9.057566429
6532	9.056949534
6533	9.05690838
6534	9.056867332
6535	9.05670591
6536	9.056450393
6537	9.056409454
6538	9.05624659
6539	9.055971708
6540	9.055930821
6541	9.055141972
6542	9.054929025
6543	9.054888244
6544	9.05465743
6545	9.054616741
6546	9.054588994
6547	9.054559054
6548	9.054518575
6549	9.054064776
6550	9.054034933
6551	9.053822985
6552	9.053475132
6553	9.05343471
6554	9.053256352
6555	9.052988553
6556	9.052810076
6557	9.052361063
6558	9.052153597
6559	9.05211328
6560	9.051893252
6561	9.051695459
6562	9.051250648
6563	9.051220963
6564	9.051059852
6565	9.050841387
6566	9.050400445
6567	9.050189278
6568	9.049979033
6569	9.049782743
6570	9.049610259
6571	9.049478577
6572	9.049448912
6573	9.049231903
6574	9.049059997
6575	9.048795729
6576	9.04852825
6577	9.048488182
6578	9.04786822
6579	9.047692002
6580	9.047421776
6581	9.046627428
6582	9.045913225
6583	9.045873125
6584	9.045751222
6585	9.045308529
6586	9.045133139
6587	9.044882178
6588	9.044678326
6589	9.04401504
6590	9.043974838
6591	9.043817395
6592	9.043673943
6593	9.043411361
6594	9.043371274
6595	9.043107255
6596	9.04249303
6597	9.042244087
6598	9.041452085
6599	9.041411965
6600	9.041371947
6601	9.041332028
6602	9.040688769
6603	9.040648915
6604	9.040474787
6605	9.040435013
6606	9.04016706
6607	9.039022823
6608	9.038777353
6609	9.038597945
6610	9.038313933
6611	9.03827418
6612	9.037663913
6613	9.037436212
6614	9.03727468
6615	9.036410157
6616	9.036184452
6617	9.035479211
6618	9.034837325
6619	9.033884502
6620	9.033844665
6621	9.033804931
6622	9.033775621
6623	9.033746398
6624	9.03348351
6625	9.033443971
6626	9.03325429
6627	9.03321479
6628	9.033041461
6629	9.03300204
6630	9.032786398
6631	9.03274705
6632	9.032707778
6633	9.031777592
6634	9.031738341
6635	9.031551824
6636	9.031307225
6637	9.03126808
6638	9.030923866
6639	9.03068076
6640	9.030651979
6641	9.030474428
6642	9.030214247
6643	9.030029977
6644	9.029025861
6645	9.02898685
6646	9.028827157
6647	9.028547956
6648	9.02850903
6649	9.028071732
6650	9.026931717
6651	9.02689279
6652	9.026864225
6653	9.026083981
6654	9.025931701
6655	9.024798309
6656	9.024636995
6657	9.023935977
6658	9.02332904
6659	9.023300384
6660	9.022865163
6661	9.022826228
6662	9.022190878
6663	9.021414788
6664	9.021243524
6665	9.021114829
6666	9.020942042
6667	9.020700347
6668	9.020536988
6669	9.020498209
6670	9.019372292
6671	9.019202307
6672	9.019163569
6673	9.018533807
6674	9.018330474
6675	9.018148476
6676	9.018109771
6677	9.01733997
6678	9.017301384
6679	9.017173846
6680	9.017145598
6681	9.01665822
6682	9.016619833
6683	9.015995948
6684	9.015731573
6685	9.015693212
6686	9.014928697
6687	9.014760527
6688	9.014636622
6689	9.014398166
6690	9.014171655
6691	9.013970358
6692	9.013811137
6693	9.013208706
6694	9.013038453
6695	9.012488123
6696	9.012449768
6697	9.012411512
6698	9.012255287
6699	9.012076381
6700	9.011688717
6701	9.011511332
6702	9.011473103
6703	9.011273495
6704	9.01109779
6705	9.011059642
6706	9.010580617
6707	9.010387354
6708	9.010359384
6709	9.010021416
6710	9.009811903
6711	9.009635384
6712	9.009481107
6713	9.008718969
6714	9.008691094
6715	9.008653263
6716	9.008473936
6717	9.008356533
6718	9.008318827
6719	9.008281183
6720	9.008243624
6721	9.008206126
6722	9.007449656
6723	9.007250969
6724	9.007092802
6725	9.006409091
6726	9.00637167
6727	9.006247838
6728	9.006077549
6729	9.006040174
6730	9.005815713
6731	9.005065462
6732	9.00495165
6733	9.004914381
6734	9.00475712
6735	9.004559623
6736	9.003964093
6737	9.003936701
6738	9.003758585
6739	9.003561979
6740	9.003392447
6741	9.00256288
6742	9.001954624
6743	9.001785689
6744	9.001748423
6745	9.001552833
6746	9.001291423
6747	9.001100484
6748	9.001063296
6749	9.000910934
6750	9.000743955
6751	9.000571169
6752	9.000534061
6753	8.99993114
6754	8.999188767
6755	8.999022599
6756	8.99822017
6757	8.997269092
6758	8.997078738
6759	8.996328883
6760	8.996291701
6761	8.995836966
6762	8.995364458
6763	8.995327304
6764	8.994510829
6765	8.994319924
6766	8.994097472
6767	8.99398762
6768	8.99286794
6769	8.9927434
6770	8.992706387
6771	8.991971141
6772	8.991827255
6773	8.991613084
6774	8.991418795
6775	8.990305575
6776	8.990077575
6777	8.989348394
6778	8.989311493
6779	8.989155081
6780	8.988698911
6781	8.988054114
6782	8.987827724
6783	8.987122213
6784	8.986972126
6785	8.986382173
6786	8.98543574
6787	8.985398636
6788	8.984814429
6789	8.984681232
6790	8.98465407
6791	8.984442162
6792	8.984216141
6793	8.984179126
6794	8.98360033
6795	8.983476646
6796	8.98236973
6797	8.982104426
6798	8.982067436
6799	8.981739161
6800	8.981712064
6801	8.981685047
6802	8.981495886
6803	8.981236495
6804	8.980538633
6805	8.980511659
6806	8.980474872
6807	8.97978348
6808	8.979655745
6809	8.979014605
6810	8.978977829
6811	8.978403947
6812	8.978367146
6813	8.977798185
6814	8.977771227
6815	8.977545518
6816	8.976541573
6817	8.975439709
6818	8.975402944
6819	8.974763197
6820	8.974578993
6821	8.974542294
6822	8.974094002
6823	8.973971928
6824	8.973710184
6825	8.973554639
6826	8.973296235
6827	8.972688371
6828	8.972004555
6829	8.97181425
6830	8.971777485
6831	8.971625286
6832	8.970882142
6833	8.970738216
6834	8.970005609
6835	8.969773103
6836	8.969443386
6837	8.969406608
6838	8.969379714
6839	8.969343106
6840	8.969121375
6841	8.969084813
6842	8.968925787
6843	8.968899147
6844	8.968326745
6845	8.968290362
6846	8.968254039
6847	8.967574553
6848	8.967382997
6849	8.967237339
6850	8.966910703
6851	8.966687377
6852	8.9666511
6853	8.966220347
6854	8.966065996
6855	8.965068552
6856	8.964878604
6857	8.964120498
6858	8.963898468
6859	8.963454367
6860	8.96334747
6861	8.963126583
6862	8.962869451
6863	8.962231852
6864	8.961301016
6865	8.96119466
6866	8.960525328
6867	8.960002199
6868	8.959816403
6869	8.959563999
6870	8.959361226
6871	8.95933471
6872	8.959308271
6873	8.958315714
6874	8.957991567
6875	8.957863007
6876	8.957226365
6877	8.956126288
6878	8.956089916
6879	8.956053637
6880	8.955831242
6881	8.955098496
6882	8.954195867
6883	8.954075952
6884	8.953911693
6885	8.953469812
6886	8.952868943
6887	8.952659186
6888	8.952089775
6889	8.952063468
6890	8.951398434
6891	8.951210883
6892	8.950222587
6893	8.949971949
6894	8.949935684
6895	8.949899512
6896	8.948915674
6897	8.948879589
6898	8.948853529
6899	8.94881758
6900	8.948697704
6901	8.94855084
6902	8.948514917
6903	8.948366107
6904	8.948330269
6905	8.948112389
6906	8.94713272
6907	8.946476193
6908	8.946028059
6909	8.945909761
6910	8.945873965
6911	8.945651861
6912	8.945016258
6913	8.943667999
6914	8.942941063
6915	8.942905351
6916	8.942869729
6917	8.942429104
6918	8.94169516
6919	8.941531263
6920	8.941314405
6921	8.941068296
6922	8.940341165
6923	8.940315405
6924	8.940195559
6925	8.939982603
6926	8.939402788
6927	8.939378129
6928	8.939193766
6929	8.939092209
6930	8.938911646
6931	8.938728377
6932	8.938503989
6933	8.938306941
6934	8.938188848
6935	8.938006522
6936	8.937980814
6937	8.937825668
6938	8.937644107
6939	8.937135703
6940	8.936906643
6941	8.936769619
6942	8.935671421
6943	8.93550653
6944	8.935470903
6945	8.934905621
6946	8.934881094
6947	8.934564392
6948	8.93425556
6949	8.933531246
6950	8.933304191
6951	8.933186448
6952	8.933151016
6953	8.933052883
6954	8.932872227
6955	8.932153498
6956	8.93171171
6957	8.931501772
6958	8.931247532
6959	8.930677513
6960	8.930525747
6961	8.930331708
6962	8.930153504
6963	8.929915594
6964	8.929664191
6965	8.929547849
6966	8.929512522
6967	8.929326106
6968	8.928611103
6969	8.928051131
6970	8.927900505
6971	8.927724032
6972	8.927600414
6973	8.927565155
6974	8.927529985
6975	8.927494906
6976	8.927459916
6977	8.927240768
6978	8.926986377
6979	8.926951459
6980	8.926795474
6981	8.926376645
6982	8.926198773
6983	8.926021682
6984	8.925986856
6985	8.925952119
6986	8.925917462
6987	8.925207023
6988	8.925022068
6989	8.924360109
6990	8.924229926
6991	8.924195314
6992	8.924058388
6993	8.923953004
6994	8.923918457
6995	8.923770249
6996	8.923135612
6997	8.922930375
6998	8.922895882
6999	8.921801278
7000	8.921776587
7001	8.921623281
7002	8.921463392
7003	8.921256722
7004	8.921012293
7005	8.920977909
7006	8.920841088
7007	8.92041363
7008	8.920379267
7009	8.920225107
7010	8.919987934
7011	8.919737273
7012	8.919494658
7013	8.919460365
7014	8.918371589
7015	8.918167016
7016	8.917949432
7017	8.917832428
7018	8.917709886
7019	8.916785166
7020	8.916602729
7021	8.916568483
7022	8.916005053
7023	8.915970851
7024	8.915936697
7025	8.915056547
7026	8.914809553
7027	8.914775428
7028	8.914571652
7029	8.91400756
7030	8.913832801
7031	8.913720009
7032	8.913471593
7033	8.913378054
7034	8.913145303
7035	8.912272973
7036	8.912092173
7037	8.911852013
7038	8.911649559
7039	8.91161549
7040	8.911581507
7041	8.911135673
7042	8.911111316
7043	8.910669615
7044	8.910523011
7045	8.910369038
7046	8.90966274
7047	8.9095431
7048	8.909509259
7049	8.909475486
7050	8.909302011
7051	8.908742973
7052	8.908302134
7053	8.908158985
7054	8.907986298
7055	8.907866195
7056	8.907832433
7057	8.907798737
7058	8.907388279
7059	8.907172828
7060	8.907003166
7061	8.906217668
7062	8.906004052
7063	8.905970445
7064	8.905726897
7065	8.905598638
7066	8.905356915
7067	8.905151787
7068	8.90441616
7069	8.904382558
7070	8.903722635
7071	8.903552738
7072	8.903348509
7073	8.903137101
7074	8.902271468
7075	8.90154568
7076	8.901335713
7077	8.901302007
7078	8.90064601
7079	8.900220899
7080	8.900094025
7081	8.899900013
7082	8.899728459
7083	8.899136286
7084	8.898580074
7085	8.898402153
7086	8.897427272
7087	8.896726743
7088	8.896585713
7089	8.89589063
7090	8.895665703
7091	8.895632014
7092	8.895598412
7093	8.895489748
7094	8.895456283
7095	8.895311051
7096	8.894723312
7097	8.894699389
7098	8.894054657
7099	8.893884133
7100	8.893328144
7101	8.893304147
7102	8.89327063
7103	8.892637487
7104	8.892604064
7105	8.89163381
7106	8.891518831
7107	8.890827889
7108	8.890142039
7109	8.889930334
7110	8.88929943
7111	8.888747228
7112	8.888713849
7113	8.88774762
7114	8.887577685
7115	8.886938795
7116	8.886790426
7117	8.886108328
7118	8.885929556
7119	8.885687885
7120	8.885139659
7121	8.88501407
7122	8.884843735
7123	8.884721863
7124	8.884178671
7125	8.883637453
7126	8.883004845
7127	8.881921039
7128	8.881887287
7129	8.881676182
7130	8.8814417
7131	8.881272887
7132	8.880832978
7133	8.880601992
7134	8.880568253
7135	8.880478275
7136	8.880256851
7137	8.880061395
7138	8.879489691
7139	8.879322683
7140	8.878360583
7141	8.877826601
7142	8.876868728
7143	8.87667444
7144	8.876508268
7145	8.876474518
7146	8.87591207
7147	8.875767998
7148	8.875734286
7149	8.875050856
7150	8.875017264
7151	8.874871644
7152	8.874727197
7153	8.874528435
7154	8.874494899
7155	8.874351376
7156	8.874261602
7157	8.874053418
7158	8.873903278
7159	8.873869874
7160	8.873704794
7161	8.872859492
7162	8.872292749
7163	8.87212877
7164	8.871174589
7165	8.871141153
7166	8.871107772
7167	8.871074468
7168	8.870443948
7169	8.870033882
7170	8.869357194
7171	8.869116828
7172	8.868677014
7173	8.867727355
7174	8.867694077
7175	8.867531294
7176	8.867498081
7177	8.867464952
7178	8.867300839
7179	8.867139561
7180	8.867106497
7181	8.866482643
7182	8.866449592
7183	8.866425993
7184	8.866393088
7185	8.866261751
7186	8.866146007
7187	8.8656006
7188	8.865403977
7189	8.865261168
7190	8.865228218
7191	8.865089059
7192	8.864945327
7193	8.864780467
7194	8.864566972
7195	8.864338505
7196	8.86430566
7197	8.864272897
7198	8.863839512
7199	8.863806783
7200	8.862724832
7201	8.862692159
7202	8.862063015
7203	8.862030409
7204	8.861867802
7205	8.861705912
7206	8.861063869
7207	8.860971728
7208	8.860760635
7209	8.860728057
7210	8.860634822
7211	8.860203953
7212	8.860027169
7213	8.859409341
7214	8.858333618
7215	8.85830097
7216	8.857891127
7217	8.857715295
7218	8.85729011
7219	8.856987095
7220	8.856963715
7221	8.856336164
7222	8.855725063
7223	8.855701729
7224	8.85546506
7225	8.854908975
7226	8.85475083
7227	8.854330974
7228	8.854298281
7229	8.854265671
7230	8.853844373
7231	8.853756533
7232	8.853733772
7233	8.853701299
7234	8.853505266
7235	8.853472873
7236	8.852787251
7237	8.852551716
7238	8.85251942
7239	8.852407547
7240	8.851744906
7241	8.85134042
7242	8.851147839
7243	8.851022083
7244	8.850826646
7245	8.850669881
7246	8.850509535
7247	8.849956806
7248	8.849933827
7249	8.849901613
7250	8.849742005
7251	8.84970987
7252	8.849104581
7253	8.848368399
7254	8.848160656
7255	8.848005138
7256	8.847982674
7257	8.847683959
7258	8.84751854
7259	8.847495738
7260	8.847360225
7261	8.84725584
7262	8.846046032
7263	8.845891944
7264	8.844822596
7265	8.844616929
7266	8.844512791
7267	8.844399561
7268	8.844367571
7269	8.844175146
7270	8.843627768
7271	8.843535535
7272	8.843503581
7273	8.843309032
7274	8.84290985
7275	8.842717395
7276	8.84251012
7277	8.842351752
7278	8.841930666
7279	8.841898747
7280	8.841876084
7281	8.841673441
7282	8.841515833
7283	8.84148405
7284	8.84106699
7285	8.84103524
7286	8.840882302
7287	8.840850614
7288	8.840828375
7289	8.840694231
7290	8.840374151
7291	8.84023335
7292	8.84000075
7293	8.839082845
7294	8.839051199
7295	8.838424094
7296	8.838392532
7297	8.838290525
7298	8.837730946
7299	8.837585579
7300	8.837452882
7301	8.837039365
7302	8.83597497
7303	8.83585271
7304	8.835250525
7305	8.835086548
7306	8.834690256
7307	8.834454246
7308	8.834431698
7309	8.83440008
7310	8.834107371
7311	8.833876967
7312	8.833191819
7313	8.83316028
7314	8.832678361
7315	8.832508023
7316	8.832317912
7317	8.832089779
7318	8.83153104
7319	8.831303032
7320	8.830777144
7321	8.830745547
7322	8.830714031
7323	8.830682596
7324	8.830501093
7325	8.830382252
7326	8.830262119
7327	8.830042012
7328	8.828779634
7329	8.828629568
7330	8.828509973
7331	8.82809982
7332	8.827975413
7333	8.827349929
7334	8.827212303
7335	8.827180885
7336	8.826785103
7337	8.82658316
7338	8.826460271
7339	8.825919664
7340	8.82589727
7341	8.825704404
7342	8.825585313
7343	8.824961056
7344	8.824853209
7345	8.824698292
7346	8.824223977
7347	8.823707168
7348	8.823314792
7349	8.823283183
7350	8.822546968
7351	8.822141751
7352	8.822110227
7353	8.821708753
7354	8.821361922
7355	8.820416569
7356	8.82024852
7357	8.820033687
7358	8.819879382
7359	8.819194205
7360	8.819095948
7361	8.818942456
7362	8.818920296
7363	8.818297666
7364	8.817564674
7365	8.817533324
7366	8.817380522
7367	8.817349253
7368	8.817227583
7369	8.817089857
7370	8.816470241
7371	8.816324034
7372	8.816292902
7373	8.81626185
7374	8.816161275
7375	8.816032495
7376	8.815354051
7377	8.815215819
7378	8.815184901
7379	8.815032811
7380	8.814727597
7381	8.814325017
7382	8.814205043
7383	8.813571652
7384	8.812628458
7385	8.812528863
7386	8.812327774
7387	8.812184206
7388	8.811783735
7389	8.81163839
7390	8.811440108
7391	8.810379575
7392	8.81036204
7393	8.810163341
7394	8.809996854
7395	8.809966016
7396	8.809935255
7397	8.809749754
7398	8.80952576
7399	8.809495023
7400	8.808440183
7401	8.8083305
7402	8.808299824
7403	8.808077266
7404	8.808046641
7405	8.807849714
7406	8.807819157
7407	8.807797531
7408	8.807664651
7409	8.807545747
7410	8.806868293
7411	8.806837868
7412	8.806241313
7413	8.806113559
7414	8.806096336
7415	8.805699301
7416	8.805156611
7417	8.8050105
7418	8.804334562
7419	8.804189343
7420	8.804158935
7421	8.803873233
7422	8.803697761
7423	8.803554672
7424	8.803333391
7425	8.802741808
7426	8.802607156
7427	8.802468712
7428	8.802447205
7429	8.801614915
7430	8.801597685
7431	8.801202112
7432	8.800686373
7433	8.800569619
7434	8.800395486
7435	8.800222866
7436	8.80019245
7437	8.800068775
7438	8.799849127
7439	8.79890978
7440	8.798691816
7441	8.798670267
7442	8.798506387
7443	8.798476091
7444	8.797891055
7445	8.797216739
7446	8.79719531
7447	8.796261199
7448	8.795980499
7449	8.795783383
7450	8.795610985
7451	8.795580785
7452	8.794951374
7453	8.794921195
7454	8.794891081
7455	8.794353253
7456	8.793627846
7457	8.793597754
7458	8.793567717
7459	8.793365791
7460	8.793217014
7461	8.79254837
7462	8.791965824
7463	8.791388776
7464	8.791273864
7465	8.791151925
7466	8.791121842
7467	8.791091835
7468	8.791061872
7469	8.790924911
7470	8.790895015
7471	8.790678951
7472	8.790380197
7473	8.790350358
7474	8.789723921
7475	8.788794568
7476	8.788662251
7477	8.788127221
7478	8.78809736
7479	8.787900559
7480	8.787879519
7481	8.787306555
7482	8.786912368
7483	8.786364849
7484	8.786225002
7485	8.786084697
7486	8.785692932
7487	8.785556562
7488	8.785421075
7489	8.785391223
7490	8.78520686
7491	8.785118625
7492	8.78455125
7493	8.784473422
7494	8.784280134
7495	8.78425033
7496	8.783873227
7497	8.783687351
7498	8.78312758
7499	8.782756328
7500	8.782560451
7501	8.782429497
7502	8.782248435
7503	8.781697178
7504	8.781023022
7505	8.780993121
7506	8.780375183
7507	8.779653398
7508	8.779481453
7509	8.779451638
7510	8.779368018
7511	8.778907164
7512	8.77887737
7513	8.778695967
7514	8.778526738
7515	8.778334316
7516	8.778120942
7517	8.777959087
7518	8.777839566
7519	8.777756845
7520	8.776834531
7521	8.776685729
7522	8.776491492
7523	8.776258984
7524	8.776176842
7525	8.776042782
7526	8.775387382
7527	8.775314022
7528	8.77528435
7529	8.775254725
7530	8.775107212
7531	8.774491891
7532	8.774301365
7533	8.774163429
7534	8.774081887
7535	8.77355362
7536	8.773360783
7537	8.773229017
7538	8.773199428
7539	8.772906817
7540	8.772807135
7541	8.772777626
7542	8.772229752
7543	8.772038099
7544	8.771870846
7545	8.771177009
7546	8.770456935
7547	8.770427401
7548	8.769884396
7549	8.769738322
7550	8.769348315
7551	8.768824408
7552	8.768541883
7553	8.767893498
7554	8.767864027
7555	8.767847078
7556	8.767309042
7557	8.76727964
7558	8.766470226
7559	8.766352972
7560	8.76618815
7561	8.765654267
7562	8.765551237
7563	8.765099193
7564	8.765069819
7565	8.764889426
7566	8.764234682
7567	8.764213739
7568	8.764196926
7569	8.763919529
7570	8.763737917
7571	8.763593241
7572	8.763478984
7573	8.762950849
7574	8.762763811
7575	8.762734515
7576	8.762705295
7577	8.762676149
7578	8.762532235
7579	8.762396747
7580	8.762376285
7581	8.761456589
7582	8.76040219
7583	8.760023608
7584	8.759994541
7585	8.759965518
7586	8.759936567
7587	8.759793219
7588	8.759141476
7589	8.7591126
7590	8.758504664
7591	8.758475827
7592	8.758079844
7593	8.757948376
7594	8.757334938
7595	8.757314752
7596	8.757286013
7597	8.756784339
7598	8.755737435
7599	8.755458998
7600	8.755083464
7601	8.755054651
7602	8.754419235
7603	8.754326785
7604	8.754298122
7605	8.754136327
7606	8.7535247
7607	8.753363745
7608	8.753227819
7609	8.752834579
7610	8.752720293
7611	8.752622254
7612	8.752593651
7613	8.752412884
7614	8.752379893
7615	8.752359509
7616	8.752199873
7617	8.751555384
7618	8.751539035
7619	8.751378252
7620	8.751349863
7621	8.751229209
7622	8.751200875
7623	8.751172583
7624	8.751032031
7625	8.75100381
7626	8.750983729
7627	8.750955606
7628	8.750451906
7629	8.749811681
7630	8.748771114
7631	8.748208805
7632	8.748188754
7633	8.747817392
7634	8.747588039
7635	8.747568022
7636	8.747454975
7637	8.747314811
7638	8.746688541
7639	8.746296824
7640	8.746268702
7641	8.745774528
7642	8.74566257
7643	8.745473023
7644	8.74531542
7645	8.745185345
7646	8.745006992
7647	8.744473563
7648	8.744334661
7649	8.743845017
7650	8.743749689
7651	8.743729906
7652	8.742695692
7653	8.742596646
7654	8.742484488
7655	8.742456283
7656	8.742295463
7657	8.742164718
7658	8.742033341
7659	8.741903001
7660	8.74098322
7661	8.740853849
7662	8.740825688
7663	8.739796133
7664	8.739429675
7665	8.738514042
7666	8.738485909
7667	8.738457846
7668	8.738429825
7669	8.738294826
7670	8.738135384
7671	8.738033496
7672	8.737995282
7673	8.737967383
7674	8.737840766
7675	8.737353394
7676	8.737325505
7677	8.736939684
7678	8.736389167
7679	8.736104521
7680	8.736076678
7681	8.735967401
7682	8.73575862
7683	8.735738778
7684	8.735255707
7685	8.735097288
7686	8.734618067
7687	8.733424768
7688	8.73331777
7689	8.733209938
7690	8.733035852
7691	8.73300785
7692	8.732625612
7693	8.73259764
7694	8.732443341
7695	8.732306874
7696	8.731696539
7697	8.731222178
7698	8.731086435
7699	8.730977099
7700	8.730841872
7701	8.730713016
7702	8.730196804
7703	8.730038755
7704	8.729853804
7705	8.72921071
7706	8.729182813
7707	8.728574001
7708	8.72845399
7709	8.72842617
7710	8.728291362
7711	8.728263614
7712	8.727883079
7713	8.727506103
7714	8.726576255
7715	8.725395372
7716	8.725181671
7717	8.724155337
7718	8.72406044
7719	8.723954661
7720	8.722933881
7721	8.72280019
7722	8.721885567
7723	8.721765516
7724	8.721296394
7725	8.721139266
7726	8.721111371
7727	8.721073198
7728	8.720561276
7729	8.720457308
7730	8.720363055
7731	8.720235144
7732	8.720060132
7733	8.719419323
7734	8.719315341
7735	8.71929577
7736	8.719107174
7737	8.719079399
7738	8.718553474
7739	8.718525731
7740	8.718421027
7741	8.718288423
7742	8.718268548
7743	8.718138185
7744	8.718110546
7745	8.717978516
7746	8.717829704
7747	8.717802105
7748	8.717076026
7749	8.716613787
7750	8.716586168
7751	8.716484159
7752	8.715467836
7753	8.71536329
7754	8.7148701
7755	8.71456923
7756	8.713844202
7757	8.713651198
7758	8.713044375
7759	8.712897351
7760	8.712426971
7761	8.711880889
7762	8.711778885
7763	8.71086678
7764	8.710846946
7765	8.710819359
7766	8.709967663
7767	8.709583642
7768	8.709482129
7769	8.709454541
7770	8.709427007
7771	8.709269324
7772	8.708893961
7773	8.708375271
7774	8.708244968
7775	8.707324131
7776	8.707296535
7777	8.706923973
7778	8.706794327
7779	8.706257029
7780	8.705724803
7781	8.705547402
7782	8.705459163
7783	8.705385275
7784	8.705294054
7785	8.705168245
7786	8.705140648
7787	8.704994375
7788	8.704966847
7789	8.704453306
7790	8.703943676
7791	8.703740001
7792	8.703552806
7793	8.703443278
7794	8.703317651
7795	8.703192888
7796	8.7030192
7797	8.702806934
7798	8.702625672
7799	8.701919933
7800	8.701416933
7801	8.701216843
7802	8.700301404
7803	8.700117486
7804	8.699935032
7805	8.699754032
7806	8.699625281
7807	8.699454589
7808	8.699426922
7809	8.699328811
7810	8.699301208
7811	8.69920926
7812	8.698051737
7813	8.698024165
7814	8.697901806
7815	8.69787429
7816	8.697268701
7817	8.697141066
7818	8.697113611
7819	8.696395601
7820	8.69626855
7821	8.696241151
7822	8.695333029
7823	8.695305678
7824	8.695126665
7825	8.695107448
7826	8.694882293
7827	8.694855057
7828	8.694827873
7829	8.6947011
7830	8.694574889
7831	8.693562203
7832	8.692555324
7833	8.692431566
7834	8.692404418
7835	8.691813334
7836	8.691715396
7837	8.691083435
7838	8.690547561
7839	8.689642716
7840	8.689615577
7841	8.689511374
7842	8.688907552
7843	8.688781819
7844	8.688662197
7845	8.687829295
7846	8.687457572
7847	8.686928659
7848	8.686806792
7849	8.686681362
7850	8.685680614
7851	8.685479114
7852	8.684839823
7853	8.68463037
7854	8.68452945
7855	8.684410719
7856	8.68438353
7857	8.684356411
7858	8.684329347
7859	8.684151158
7860	8.684026728
7861	8.683125492
7862	8.683098472
7863	8.682400665
7864	8.682113244
7865	8.682086282
7866	8.681189187
7867	8.680283188
7868	8.679986434
7869	8.679700978
7870	8.67898858
7871	8.678095144
7872	8.678002857
7873	8.677632178
7874	8.677118737
7875	8.677025205
7876	8.676522042
7877	8.676071955
7878	8.675954587
7879	8.67506489
7880	8.674067341
7881	8.67394289
7882	8.673669994
7883	8.673179885
7884	8.673152806
7885	8.673125769
7886	8.67252397
7887	8.672497005
7888	8.67247008
7889	8.67183562
7890	8.671638178
7891	8.671611335
7892	8.671584538
7893	8.671060464
7894	8.670479926
7895	8.670299452
7896	8.669792169
7897	8.669636248
7898	8.669152018
7899	8.668458785
7900	8.66836015
7901	8.668333278
7902	8.668192978
7903	8.668065635
7904	8.66791123
7905	8.66773448
7906	8.666609022
7907	8.666582172
7908	8.666458929
7909	8.666422534
7910	8.666299818
7911	8.665671591
7912	8.66549587
7913	8.665383693
7914	8.665262523
7915	8.665010134
7916	8.664728534
7917	8.664549473
7918	8.664050254
7919	8.663845508
7920	8.663209985
7921	8.663006786
7922	8.662980057
7923	8.662953396
7924	8.662880328
7925	8.662721795
7926	8.662096281
7927	8.661898812
7928	8.661777178
7929	8.661651627
7930	8.661635761
7931	8.66103729
7932	8.660939499
7933	8.660912951
7934	8.660791417
7935	8.660600224
7936	8.660489277
7937	8.660370487
7938	8.659482379
7939	8.659007888
7940	8.658832737
7941	8.658710192
7942	8.658185453
7943	8.658046585
7944	8.65786896
7945	8.657721632
7946	8.657424428
7947	8.65673937
7948	8.656664833
7949	8.656566351
7950	8.656445218
7951	8.65594202
7952	8.655858863
7953	8.655338162
7954	8.65531145
7955	8.655284806
7956	8.654400685
7957	8.653584885
7958	8.653460631
7959	8.653433999
7960	8.652439927
7961	8.652413332
7962	8.65189912
7963	8.651802531
7964	8.651304262
7965	8.651277621
7966	8.651259049
7967	8.651240528
7968	8.651214032
7969	8.650595603
7970	8.65021899
7971	8.650192527
7972	8.650071531
7973	8.649474403
7974	8.649415768
7975	8.649389408
7976	8.649363114
7977	8.648740442
7978	8.648722233
7979	8.648606137
7980	8.648579968
7981	8.648553866
7982	8.64847174
7983	8.647366191
7984	8.647245788
7985	8.647068521
7986	8.647052917
7987	8.646699688
7988	8.646424395
7989	8.646251366
7990	8.64587637
7991	8.645281683
7992	8.64483786
7993	8.644666752
7994	8.64464776
7995	8.644276356
7996	8.643768502
7997	8.643742329
7998	8.643716223
7999	8.643232822
8000	8.64320674
8001	8.64304247
8002	8.642922449
8003	8.64280588
8004	8.642779852
8005	8.64275389
8006	8.642727363
8007	8.642112056
8008	8.64208623
8009	8.641717144
8010	8.641581174
8011	8.641461749
8012	8.641326532
8013	8.641128048
8014	8.640952357
8015	8.640759592
8016	8.640607985
8017	8.640513001
8018	8.639633174
8019	8.639607368
8020	8.639581612
8021	8.639462559
8022	8.639272832
8023	8.638679728
8024	8.638508104
8025	8.638389636
8026	8.638025261
8027	8.637853426
8028	8.637428984
8029	8.636784238
8030	8.636363291
8031	8.635373769
8032	8.635224425
8033	8.635105202
8034	8.634229247
8035	8.634164199
8036	8.633179593
8037	8.633007228
8038	8.632566644
8039	8.631694144
8040	8.631523878
8041	8.631498061
8042	8.631391979
8043	8.631374035
8044	8.630751653
8045	8.630582508
8046	8.629603461
8047	8.629485033
8048	8.62940491
8049	8.629379215
8050	8.628899391
8051	8.628873707
8052	8.628385151
8053	8.627682084
8054	8.62718905
8055	8.627017731
8056	8.62642597
8057	8.626235479
8058	8.626209761
8059	8.625591004
8060	8.62532009
8061	8.625175184
8062	8.625005828
8063	8.624641981
8064	8.624616334
8065	8.623870546
8066	8.623774259
8067	8.622795481
8068	8.622308996
8069	8.622198571
8070	8.622172919
8071	8.621198587
8072	8.621104387
8073	8.620135933
8074	8.619950299
8075	8.619250596
8076	8.618893718
8077	8.618627936
8078	8.618510527
8079	8.61789019
8080	8.6177759
8081	8.617628435
8082	8.617532385
8083	8.61734119
8084	8.617151395
8085	8.61646272
8086	8.615493993
8087	8.614782524
8088	8.614756912
8089	8.614018096
8090	8.613983903
8091	8.61396611
8092	8.613352643
8093	8.613242764
8094	8.612282076
8095	8.612263313
8096	8.612183941
8097	8.611492224
8098	8.610888186
8099	8.610808396
8100	8.610320256
8101	8.610302569
8102	8.610277258
8103	8.610113989
8104	8.610023353
8105	8.609998077
8106	8.609128808
8107	8.608939385
8108	8.608914165
8109	8.608796785
8110	8.608771629
8111	8.608633444
8112	8.608475222
8113	8.608063914
8114	8.607988062
8115	8.607398552
8116	8.606710397
8117	8.606601497
8118	8.606495906
8119	8.606401737
8120	8.606376681
8121	8.605626749
8122	8.605601716
8123	8.605432583
8124	8.605407591
8125	8.604722253
8126	8.604239406
8127	8.603974035
8128	8.603949058
8129	8.60335277
8130	8.603335477
8131	8.603218484
8132	8.603145286
8133	8.602976971
8134	8.602944214
8135	8.602081778
8136	8.601398854
8137	8.601280824
8138	8.600920213
8139	8.600895338
8140	8.600777777
8141	8.600674117
8142	8.600578431
8143	8.600461394
8144	8.599873366
8145	8.599205095
8146	8.599021735
8147	8.598934164
8148	8.598909322
8149	8.598884543
8150	8.598390437
8151	8.598312909
8152	8.597858375
8153	8.597569777
8154	8.597453641
8155	8.596965201
8156	8.596777893
8157	8.596647277
8158	8.596289264
8159	8.596006713
8160	8.595861758
8161	8.59580037
8162	8.595775551
8163	8.595217384
8164	8.595192598
8165	8.594686769
8166	8.59451133
8167	8.594344978
8168	8.593748213
8169	8.593633486
8170	8.593601308
8171	8.593446006
8172	8.593421365
8173	8.592459384
8174	8.591502921
8175	8.590822796
8176	8.590456546
8177	8.590012657
8178	8.589659467
8179	8.58963474
8180	8.589525783
8181	8.589501115
8182	8.58913682
8183	8.589112177
8184	8.589087597
8185	8.588919908
8186	8.588895388
8187	8.588709665
8188	8.588270737
8189	8.588090105
8190	8.587976547
8191	8.587873259
8192	8.58770902
8193	8.587452466
8194	8.586774233
8195	8.586418956
8196	8.586240739
8197	8.586216181
8198	8.586191685
8199	8.58552586
8200	8.585382888
8201	8.585358442
8202	8.584405703
8203	8.584381285
8204	8.584062254
8205	8.584037887
8206	8.583419143
8207	8.583312732
8208	8.582804728
8209	8.582691858
8210	8.58235301
8211	8.582328621
8212	8.581743929
8213	8.581719607
8214	8.581128799
8215	8.581046347
8216	8.580099392
8217	8.580075139
8218	8.579570132
8219	8.579454385
8220	8.579339152
8221	8.579204964
8222	8.578353378
8223	8.578238663
8224	8.578132887
8225	8.577135143
8226	8.57665249
8227	8.57653546
8228	8.575953018
8229	8.575452078
8230	8.575337631
8231	8.57516933
8232	8.5746731
8233	8.574612529
8234	8.574018407
8235	8.573711135
8236	8.573555144
8237	8.573438499
8238	8.57332129
8239	8.573229396
8240	8.573120669
8241	8.572571598
8242	8.57254721
8243	8.572522864
8244	8.572453277
8245	8.572291834
8246	8.571940222
8247	8.571579017
8248	8.5715622
8249	8.571399772
8250	8.571382993
8251	8.570891454
8252	8.570867091
8253	8.570002325
8254	8.56997803
8255	8.569541304
8256	8.569473568
8257	8.568627476
8258	8.568603158
8259	8.568511799
8260	8.56792263
8261	8.567446309
8262	8.567355875
8263	8.567303059
8264	8.566827582
8265	8.566246008
8266	8.566079719
8267	8.56578314
8268	8.565758903
8269	8.565173342
8270	8.565149194
8271	8.565059395
8272	8.565044373
8273	8.564463146
8274	8.563990617
8275	8.563411195
8276	8.563305345
8277	8.562836786
8278	8.56225918
8279	8.562082648
8280	8.561965073
8281	8.561516514
8282	8.561455924
8283	8.561090655
8284	8.560728802
8285	8.5604776
8286	8.560006608
8287	8.559939259
8288	8.559773745
8289	8.559422226
8290	8.558844221
8291	8.558820054
8292	8.558690711
8293	8.558441006
8294	8.557579479
8295	8.557463709
8296	8.557439582
8297	8.557423033
8298	8.557065089
8299	8.556907631
8300	8.556883592
8301	8.556705891
8302	8.556129471
8303	8.555962692
8304	8.555848039
8305	8.555493711
8306	8.555469673
8307	8.555445697
8308	8.555421782
8309	8.555397927
8310	8.55485037
8311	8.554826538
8312	8.554378227
8313	8.554024724
8314	8.553852381
8315	8.553688934
8316	8.553575868
8317	8.553551996
8318	8.552964955
8319	8.552852414
8320	8.552829422
8321	8.552653974
8322	8.552186947
8323	8.551720881
8324	8.551569243
8325	8.551545428
8326	8.550871177
8327	8.550736876
8328	8.550631708
8329	8.550452174
8330	8.550100484
8331	8.550076722
8332	8.549614159
8333	8.549282915
8334	8.549171262
8335	8.549060104
8336	8.548768776
8337	8.548595112
8338	8.548483417
8339	8.54845961
8340	8.54834841
8341	8.548242989
8342	8.548092297
8343	8.548061722
8344	8.54798857
8345	8.547852773
8346	8.547400301
8347	8.547265478
8348	8.547204161
8349	8.546743493
8350	8.546578657
8351	8.545636005
8352	8.545612239
8353	8.545125518
8354	8.545101776
8355	8.544326166
8356	8.54373913
8357	8.543492466
8358	8.543143653
8359	8.542686255
8360	8.542538436
8361	8.542084903
8362	8.542061095
8363	8.541893042
8364	8.541317381
8365	8.541293628
8366	8.540837285
8367	8.540385091
8368	8.540330703
8369	8.539679788
8370	8.539663467
8371	8.539639687
8372	8.539492977
8373	8.539205811
8374	8.538736335
8375	8.537797881
8376	8.53761882
8377	8.537326233
8378	8.536980528
8379	8.536531438
8380	8.536447004
8381	8.536000454
8382	8.535889865
8383	8.535751178
8384	8.535162811
8385	8.535139062
8386	8.534205729
8387	8.534189507
8388	8.533615359
8389	8.533502001
8390	8.532929419
8391	8.532483516
8392	8.532377007
8393	8.532203679
8394	8.531632555
8395	8.531608882
8396	8.531585259
8397	8.530873263
8398	8.530849661
8399	8.530823638
8400	8.530382057
8401	8.530269294
8402	8.530163356
8403	8.530053777
8404	8.529707754
8405	8.529362207
8406	8.52927287
8407	8.529122027
8408	8.52901083
8409	8.528987919
8410	8.528867756
8411	8.528836957
8412	8.528813278
8413	8.528370854
8414	8.527510503
8415	8.527169088
8416	8.526693332
8417	8.525837749
8418	8.525728478
8419	8.525257863
8420	8.525234083
8421	8.524931108
8422	8.524907417
8423	8.524570288
8424	8.524461343
8425	8.523891426
8426	8.523803749
8427	8.523658515
8428	8.5236349
8429	8.523464851
8430	8.523377898
8431	8.523354379
8432	8.522917834
8433	8.522807813
8434	8.522374885
8435	8.522266459
8436	8.522207946
8437	8.521874418
8438	8.521672745
8439	8.521103775
8440	8.520449638
8441	8.520280494
8442	8.519429128
8443	8.518862836
8444	8.518532714
8445	8.518509102
8446	8.51783815
8447	8.517752658
8448	8.517084305
8449	8.517060731
8450	8.516733562
8451	8.516304526
8452	8.5158404
8453	8.515437789
8454	8.51537267
8455	8.515354855
8456	8.515193399
8457	8.515169736
8458	8.51506121
8459	8.515030641
8460	8.514923124
8461	8.514712363
8462	8.514162335
8463	8.513989063
8464	8.513520978
8465	8.513497424
8466	8.512832019
8467	8.512808524
8468	8.512662538
8469	8.5125406
8470	8.512299354
8471	8.512275926
8472	8.512050917
8473	8.511486552
8474	8.511463151
8475	8.511346036
8476	8.511274863
8477	8.511167727
8478	8.511151781
8479	8.511128489
8480	8.510978465
8481	8.510956417
8482	8.510516726
8483	8.50981075
8484	8.509643193
8485	8.509215299
8486	8.508753357
8487	8.507820824
8488	8.507790718
8489	8.507129224
8490	8.506670993
8491	8.506564451
8492	8.505637099
8493	8.504789615
8494	8.504701116
8495	8.504268399
8496	8.504253365
8497	8.504230042
8498	8.504100969
8499	8.50386233
8500	8.503202691
8501	8.502952363
8502	8.502790851
8503	8.502767554
8504	8.502313472
8505	8.502290183
8506	8.501964971
8507	8.501804375
8508	8.50148238
8509	8.501361167
8510	8.50118392
8511	8.501047882
8512	8.500484622
8513	8.500461327
8514	8.500035887
8515	8.500012628
8516	8.499169538
8517	8.499146343
8518	8.498222888
8519	8.49819972
8520	8.498182305
8521	8.497948196
8522	8.49779635
8523	8.497689178
8524	8.497585553
8525	8.497503456
8526	8.497433059
8527	8.497418148
8528	8.497311967
8529	8.497288922
8530	8.49672646
8531	8.496258033
8532	8.496243213
8533	8.496213804
8534	8.496107835
8535	8.495685595
8536	8.495656282
8537	8.494737361
8538	8.494588806
8539	8.494565866
8540	8.494247536
8541	8.493801369
8542	8.493144054
8543	8.49312115
8544	8.492578413
8545	8.492018628
8546	8.491995758
8547	8.491972946
8548	8.491554161
8549	8.490713573
8550	8.490263613
8551	8.490143205
8552	8.489584687
8553	8.489464901
8554	8.489293687
8555	8.48913587
8556	8.488977904
8557	8.488069706
8558	8.487149056
8559	8.487019817
8560	8.486462522
8561	8.48599882
8562	8.485975883
8563	8.485953005
8564	8.485604191
8565	8.484770918
8566	8.48474807
8567	8.484678608
8568	8.483765043
8569	8.482941726
8570	8.482835837
8571	8.482674535
8572	8.48253987
8573	8.482517048
8574	8.482488053
8575	8.482465321
8576	8.482442647
8577	8.481887697
8578	8.481653039
8579	8.481404904
8580	8.480574615
8581	8.480140873
8582	8.479984765
8583	8.479962129
8584	8.479425607
8585	8.479025838
8586	8.479003184
8587	8.478549021
8588	8.477653072
8589	8.47736359
8590	8.476712786
8591	8.476630573
8592	8.476466447
8593	8.476074349
8594	8.475748994
8595	8.475548469
8596	8.475444406
8597	8.475114609
8598	8.474681951
8599	8.474563223
8600	8.474540435
8601	8.473631454
8602	8.473537285
8603	8.473475078
8604	8.473318834
8605	8.473296112
8606	8.473133434
8607	8.473024026
8608	8.472920129
8609	8.472095856
8610	8.471541438
8611	8.471455914
8612	8.47076818
8613	8.470621614
8614	8.470598969
8615	8.469778428
8616	8.469755834
8617	8.469202845
8618	8.469181447
8619	8.46863002
8620	8.467724769
8621	8.466824714
8622	8.466739413
8623	8.466716891
8624	8.466167077
8625	8.466049186
8626	8.46545708
8627	8.464869353
8628	8.464454155
8629	8.464350802
8630	8.464247345
8631	8.463725832
8632	8.463703337
8633	8.463688036
8634	8.463348048
8635	8.46326648
8636	8.463237557
8637	8.463215132
8638	8.46304587
8639	8.463031464
8640	8.462213029
8641	8.462110324
8642	8.462087963
8643	8.462073632
8644	8.461753154
8645	8.461327382
8646	8.461225848
8647	8.461079798
8648	8.461025091
8649	8.460594928
8650	8.460572562
8651	8.460473005
8652	8.460450712
8653	8.460428474
8654	8.459785611
8655	8.45935887
8656	8.459344573
8657	8.458933288
8658	8.458347054
8659	8.457798878
8660	8.456983898
8661	8.456750465
8662	8.456342525
8663	8.4554467
8664	8.454635162
8665	8.454477136
8666	8.45440272
8667	8.454299719
8668	8.453876258
8669	8.453329036
8670	8.45264294
8671	8.452063409
8672	8.451774314
8673	8.451667876
8674	8.451639362
8675	8.451510218
8676	8.451342166
8677	8.4507967
8678	8.450663087
8679	8.450022694
8680	8.449945669
8681	8.449801244
8682	8.449695706
8683	8.448803943
8684	8.448638072
8685	8.447959797
8686	8.447799068
8687	8.447776733
8688	8.447762418
8689	8.447378624
8690	8.447356342
8691	8.447062633
8692	8.446930931
8693	8.446828877
8694	8.445926662
8695	8.445523708
8696	8.444979568
8697	8.444873681
8698	8.444859305
8699	8.444409852
8700	8.444176384
8701	8.443499696
8702	8.443340644
8703	8.442453504
8704	8.442299153
8705	8.44219749
8706	8.442175196
8707	8.442059852
8708	8.442037614
8709	8.441746623
8710	8.441496337
8711	8.441474196
8712	8.440897743
8713	8.440482695
8714	8.440460593
8715	8.440392542
8716	8.44032686
8717	8.440304823
8718	8.440282825
8719	8.439871231
8720	8.439546665
8721	8.438875103
8722	8.438774112
8723	8.438660074
8724	8.438212371
8725	8.437891252
8726	8.437382197
8727	8.436500939
8728	8.436387775
8729	8.436365656
8730	8.435823314
8731	8.435723675
8732	8.435624478
8733	8.435596284
8734	8.435277207
8735	8.434700533
8736	8.434277094
8737	8.434132206
8738	8.434104126
8739	8.433929237
8740	8.43354978
8741	8.43352777
8742	8.432651263
8743	8.432569641
8744	8.432249768
8745	8.432151179
8746	8.431578504
8747	8.431259466
8748	8.43091938
8749	8.43058067
8750	8.430160801
8751	8.42975171
8752	8.429507327
8753	8.429109844
8754	8.428793693
8755	8.428647522
8756	8.428331865
8757	8.427956747
8758	8.427550434
8759	8.427528233
8760	8.427444871
8761	8.427339135
8762	8.427024944
8763	8.426869472
8764	8.426854383
8765	8.426748651
8766	8.42672655
8767	8.425915817
8768	8.425893777
8769	8.42508681
8770	8.424671308
8771	8.424547636
8772	8.423880335
8773	8.423800951
8774	8.423702567
8775	8.423309173
8776	8.422644657
8777	8.422491588
8778	8.422393797
8779	8.421991268
8780	8.421850807
8781	8.421828683
8782	8.42102512
8783	8.420927599
8784	8.420830021
8785	8.42076233
8786	8.420535624
8787	8.420381959
8788	8.420228343
8789	8.42009854
8790	8.419993239
8791	8.419602817
8792	8.418980326
8793	8.418900818
8794	8.418486461
8795	8.418464377
8796	8.417589778
8797	8.416706267
8798	8.415841424
8799	8.415221852
8800	8.415124982
8801	8.414255937
8802	8.41386915
8803	8.413717094
8804	8.412853085
8805	8.41257285
8806	8.412550701
8807	8.411752715
8808	8.411339307
8809	8.410672154
8810	8.410466698
8811	8.410241237
8812	8.41013165
8813	8.410022735
8814	8.409994541
8815	8.409898111
8816	8.409037604
8817	8.408397002
8818	8.407854794
8819	8.407826592
8820	8.407748701
8821	8.407596907
8822	8.407568747
8823	8.406697337
8824	8.406417359
8825	8.406335216
8826	8.40622665
8827	8.406204616
8828	8.406045421
8829	8.405876938
8830	8.405854964
8831	8.405471954
8832	8.405162473
8833	8.40501245
8834	8.404990455
8835	8.404769869
8836	8.404650963
8837	8.404379685
8838	8.404357754
8839	8.403562436
8840	8.403021168
8841	8.402503681
8842	8.402364143
8843	8.402236113
8844	8.402214221
8845	8.402186584
8846	8.402078608
8847	8.402063617
8848	8.401968367
8849	8.401946624
8850	8.401924936
8851	8.40177368
8852	8.401698039
8853	8.401551948
8854	8.401446037
8855	8.400826735
8856	8.400520427
8857	8.400216984
8858	8.399636098
8859	8.399096272
8860	8.398730592
8861	8.397873661
8862	8.397428528
8863	8.396811327
8864	8.396716428
8865	8.396688882
8866	8.396516391
8867	8.396488967
8868	8.396467347
8869	8.396440105
8870	8.395998125
8871	8.395893437
8872	8.395799735
8873	8.395431679
8874	8.395338023
8875	8.394685232
8876	8.394146408
8877	8.394001105
8878	8.393855023
8879	8.393002505
8880	8.392980907
8881	8.392715161
8882	8.392693629
8883	8.392672152
8884	8.392022451
8885	8.391230892
8886	8.391125496
8887	8.390745543
8888	8.390731342
8889	8.38994353
8890	8.389794896
8891	8.389402719
8892	8.388992505
8893	8.388364788
8894	8.387975519
8895	8.387367823
8896	8.38661378
8897	8.386599537
8898	8.386458232
8899	8.38561007
8900	8.385035073
8901	8.385013563
8902	8.384722405
8903	8.384577642
8904	8.384041177
8905	8.383893855
8906	8.383358805
8907	8.383264256
8908	8.383237074
8909	8.382607766
8910	8.381764685
8911	8.380909169
8912	8.380605087
8913	8.380296195
8914	8.379889038
8915	8.379741171
8916	8.379208757
8917	8.378635981
8918	8.378067437
8919	8.378052654
8920	8.377924421
8921	8.377138973
8922	8.376608464
8923	8.376224775
8924	8.376130438
8925	8.376036318
8926	8.375942328
8927	8.375160008
8928	8.375138581
8929	8.374952858
8930	8.374859148
8931	8.374012934
8932	8.373919711
8933	8.373898271
8934	8.373876885
8935	8.373855553
8936	8.373834276
8937	8.37334775
8938	8.373296002
8939	8.372456642
8940	8.371678583
8941	8.371544874
8942	8.371016079
8943	8.370377204
8944	8.369540311
8945	8.369447617
8946	8.368612854
8947	8.368012673
8948	8.367793643
8949	8.367688801
8950	8.367674067
8951	8.366930344
8952	8.366157547
8953	8.366092307
8954	8.365869641
8955	8.36549289
8956	8.365270689
8957	8.364743209
8958	8.364148904
8959	8.363557026
8960	8.363395501
8961	8.36280598
8962	8.362432201
8963	8.36241075
8964	8.361577947
8965	8.361202165
8966	8.360374191
8967	8.359604031
8968	8.359198885
8969	8.358826759
8970	8.358690835
8971	8.35857016
8972	8.358043852
8973	8.357951354
8974	8.357929877
8975	8.357626273
8976	8.357101504
8977	8.356514135
8978	8.35628903
8979	8.355522289
8980	8.354999002
8981	8.354971797
8982	8.354408505
8983	8.354387118
8984	8.354365785
8985	8.354344505
8986	8.354194532
8987	8.353464396
8988	8.353449721
8989	8.352686257
8990	8.352581301
8991	8.352351119
8992	8.352336469
8993	8.351804607
8994	8.351044221
8995	8.350522323
8996	8.350303952
8997	8.350087056
8998	8.3497175
8999	8.349703328
9000	8.349611038
9001	8.349553904
9002	8.349532711
9003	8.34942622
9004	8.349149451
9005	8.349004992
9006	8.3482476
9007	8.347958968
9008	8.347693281
9009	8.347434774
9010	8.347294773
9011	8.347189212
9012	8.346668145
9013	8.346574564
9014	8.346477922
9015	8.345958208
9016	8.345607334
9017	8.345163754
9018	8.345142661
9019	8.344840162
9020	8.344735929
9021	8.34467161
9022	8.344153241
9023	8.343569621
9024	8.342743556
9025	8.342419508
9026	8.342112747
9027	8.34152424
9028	8.341503119
9029	8.341286858
9030	8.341182986
9031	8.341161909
9032	8.340339901
9033	8.340269504
9034	8.340248471
9035	8.340011731
9036	8.339990743
9037	8.339897876
9038	8.339080379
9039	8.339053952
9040	8.339033029
9041	8.338661481
9042	8.338640568
9043	8.338428292
9044	8.338414346
9045	8.33827043
9046	8.337456906
9047	8.337284614
9048	8.336704852
9049	8.335949287
9050	8.335806698
9051	8.335711902
9052	8.335691039
9053	8.335543917
9054	8.335354191
9055	8.335333368
9056	8.335187441
9057	8.33462609
9058	8.334605331
9059	8.33385337
9060	8.333746219
9061	8.332997563
9062	8.332905997
9063	8.332722827
9064	8.33220563
9065	8.332191772
9066	8.331826331
9067	8.331681803
9068	8.331576357
9069	8.33106032
9070	8.330984064
9071	8.330963339
9072	8.330218012
9073	8.329812499
9074	8.329070628
9075	8.329049917
9076	8.328311467
9077	8.328206687
9078	8.327844819
9079	8.327569054
9080	8.327167091
9081	8.326652026
9082	8.326516572
9083	8.326440993
9084	8.325927187
9085	8.325913293
9086	8.325610739
9087	8.325519313
9088	8.325006913
9089	8.324364669
9090	8.324024864
9091	8.323772321
9092	8.323037433
9093	8.322933383
9094	8.32220166
9095	8.322096844
9096	8.32158599
9097	8.32107655
9098	8.321019901
9099	8.320944923
9100	8.320578326
9101	8.32012165
9102	8.320107744
9103	8.320086985
9104	8.319787745
9105	8.319680986
9106	8.319547758
9107	8.318989454
9108	8.31891514
9109	8.318702076
9110	8.318194714
9111	8.317834851
9112	8.317767403
9113	8.317430369
9114	8.317404362
9115	8.316898062
9116	8.316795752
9117	8.316692581
9118	8.316671843
9119	8.316574636
9120	8.316069667
9121	8.316043851
9122	8.315952432
9123	8.315849742
9124	8.315295637
9125	8.314482907
9126	8.314431415
9127	8.31433185
9128	8.313959123
9129	8.313938458
9130	8.3138483
9131	8.31363806
9132	8.313617453
9133	8.313040707
9134	8.312899355
9135	8.312878798
9136	8.312478109
9137	8.311753955
9138	8.311733389
9139	8.311593535
9140	8.31138418
9141	8.311358507
9142	8.31092522
9143	8.310835326
9144	8.310745056
9145	8.310724516
9146	8.309995388
9147	8.309893977
9148	8.309167994
9149	8.309147483
9150	8.308424836
9151	8.308404372
9152	8.308329836
9153	8.307519287
9154	8.306943735
9155	8.306830912
9156	8.306783724
9157	8.306682581
9158	8.306285024
9159	8.305478794
9160	8.305374406
9161	8.305319757
9162	8.304963475
9163	8.304890912
9164	8.304802072
9165	8.304781545
9166	8.304681779
9167	8.304107921
9168	8.303808358
9169	8.30330366
9170	8.302950331
9171	8.302929809
9172	8.302426343
9173	8.302412328
9174	8.30231314
9175	8.302181299
9176	8.301461013
9177	8.301435398
9178	8.300863845
9179	8.300775019
9180	8.300761318
9181	8.30025918
9182	8.300170741
9183	8.299874084
9184	8.299577279
9185	8.299362134
9186	8.299296628
9187	8.299170638
9188	8.29915668
9189	8.298947313
9190	8.298391673
9191	8.298371331
9192	8.298299848
9193	8.297748856
9194	8.297201915
9195	8.2967737
9196	8.296204017
9197	8.296190176
9198	8.295689846
9199	8.294878403
9200	8.29437948
9201	8.294238515
9202	8.293670652
9203	8.293340009
9204	8.293319735
9205	8.292603162
9206	8.292582943
9207	8.29245776
9208	8.292437584
9209	8.292337786
9210	8.292130278
9211	8.292039423
9212	8.291899782
9213	8.291886059
9214	8.291865952
9215	8.291063311
9216	8.290856632
9217	8.290583405
9218	8.290120679
9219	8.289622513
9220	8.288824736
9221	8.288770691
9222	8.288432021
9223	8.287935082
9224	8.287638525
9225	8.287618364
9226	8.287476943
9227	8.287134677
9228	8.28693019
9229	8.286136416
9230	8.285035984
9231	8.28443533
9232	8.284415061
9233	8.283634389
9234	8.283614153
9235	8.283397685
9236	8.283325055
9237	8.283164361
9238	8.282451834
9239	8.281955408
9240	8.281460352
9241	8.280751051
9242	8.280152869
9243	8.279591701
9244	8.279169061
9245	8.279030119
9246	8.278324762
9247	8.277969968
9248	8.277949669
9249	8.276861131
9250	8.276721054
9251	8.27651766
9252	8.276165923
9253	8.275839508
9254	8.275345149
9255	8.27532473
9256	8.274831741
9257	8.274811374
9258	8.274711221
9259	8.274611818
9260	8.274343051
9261	8.273851344
9262	8.273360997
9263	8.273261815
9264	8.272772724
9265	8.27198224
9266	8.27179533
9267	8.271696378
9268	8.271615412
9269	8.271547666
9270	8.270990708
9271	8.270894746
9272	8.270803561
9273	8.270705586
9274	8.270217698
9275	8.270197449
9276	8.27017725
9277	8.26975678
9278	8.268970332
9279	8.26862401
9280	8.268137269
9281	8.267793755
9282	8.267498882
9283	8.267151971
9284	8.266448124
9285	8.265751565
9286	8.265348833
9287	8.265262035
9288	8.264846642
9289	8.264826205
9290	8.264686213
9291	8.263986082
9292	8.263692924
9293	8.263422331
9294	8.263401923
9295	8.263388124
9296	8.263367806
9297	8.263044154
9298	8.262974432
9299	8.26241946
9300	8.262399238
9301	8.262282644
9302	8.262155741
9303	8.261390818
9304	8.260607983
9305	8.260510357
9306	8.259815225
9307	8.25974416
9308	8.259723963
9309	8.259591199
9310	8.25957105
9311	8.259437712
9312	8.259110016
9313	8.259005315
9314	8.258925373
9315	8.258828463
9316	8.258808395
9317	8.258672991
9318	8.258652973
9319	8.258333017
9320	8.258233872
9321	8.258110712
9322	8.257331142
9323	8.257317701
9324	8.257226858
9325	8.256432617
9326	8.255740449
9327	8.255618139
9328	8.255218324
9329	8.255112789
9330	8.254980825
9331	8.254955362
9332	8.254851858
9333	8.254297774
9334	8.254199309
9335	8.254113659
9336	8.253626672
9337	8.253606784
9338	8.252940747
9339	8.252455083
9340	8.25243525
9341	8.252168469
9342	8.251954897
9343	8.251623149
9344	8.251421967
9345	8.251299873
9346	8.250815304
9347	8.2506802
9348	8.250614736
9349	8.250417844
9350	8.250171486
9351	8.249485157
9352	8.249465357
9353	8.249379747
9354	8.248827597
9355	8.248511328
9356	8.248413593
9357	8.248255471
9358	8.248121984
9359	8.24778469
9360	8.247759725
9361	8.247269256
9362	8.247165749
9363	8.247152432
9364	8.246376052
9365	8.246085533
9366	8.245953936
9367	8.245934288
9368	8.245867337
9369	8.245782264
9370	8.245645118
9371	8.24558291
9372	8.245099074
9373	8.245079458
9374	8.244596961
9375	8.244577395
9376	8.244027173
9377	8.243627553
9378	8.243216716
9379	8.242873242
9380	8.242101109
9381	8.241349852
9382	8.240923968
9383	8.240442732
9384	8.239892318
9385	8.239603794
9386	8.239280748
9387	8.238597187
9388	8.237829909
9389	8.237349884
9390	8.237330106
9391	8.237234491
9392	8.23708324
9393	8.237063524
9394	8.236667268
9395	8.236534703
9396	8.236290815
9397	8.235956436
9398	8.235615165
9399	8.235589988
9400	8.235454026
9401	8.235333496
9402	8.234848825
9403	8.234441019
9404	8.23396182
9405	8.233413761
9406	8.233292419
9407	8.232814517
9408	8.232066969
9409	8.231800627
9410	8.231780862
9411	8.231101325
9412	8.230768928
9413	8.229988481
9414	8.229312447
9415	8.229182806
9416	8.229033222
9417	8.228486469
9418	8.227813498
9419	8.227268979
9420	8.227249155
9421	8.226195047
9422	8.225753779
9423	8.225276672
9424	8.224800886
9425	8.224319648
9426	8.224224875
9427	8.223867433
9428	8.223326095
9429	8.223300633
9430	8.223180147
9431	8.222850187
9432	8.222496634
9433	8.222476674
9434	8.22245128
9435	8.222316667
9436	8.221552027
9437	8.221526714
9438	8.221506882
9439	8.221223825
9440	8.220748906
9441	8.220682228
9442	8.220208614
9443	8.219996784
9444	8.219671721
9445	8.21965188
9446	8.219554288
9447	8.218793721
9448	8.218599214
9449	8.218470775
9450	8.2184048
9451	8.218317885
9452	8.217272815
9453	8.216601695
9454	8.216537056
9455	8.216344761
9456	8.216260762
9457	8.216247313
9458	8.215477273
9459	8.21535824
9460	8.214689903
9461	8.214512805
9462	8.214321174
9463	8.213847549
9464	8.213822374
9465	8.213495911
9466	8.21336811
9467	8.213273381
9468	8.212949643
9469	8.212514394
9470	8.211965602
9471	8.211947313
9472	8.211474786
9473	8.211454886
9474	8.2106842
9475	8.210601026
9476	8.210352603
9477	8.210248481
9478	8.21012132
9479	8.210038785
9480	8.209308901
9481	8.208837648
9482	8.208817725
9483	8.208347781
9484	8.208327909
9485	8.207571332
9486	8.207239175
9487	8.206958645
9488	8.206295126
9489	8.206269989
9490	8.206061266
9491	8.205934035
9492	8.205743966
9493	8.205275219
9494	8.205156232
9495	8.204611054
9496	8.204143565
9497	8.203677371
9498	8.203133451
9499	8.202744081
9500	8.20235824
9501	8.202333025
9502	8.201868127
9503	8.201759702
9504	8.201185444
9505	8.201088436
9506	8.200967806
9507	8.200948025
9508	8.200821628
9509	8.200801896
9510	8.200782213
9511	8.200319428
9512	8.200236875
9513	8.200047537
9514	8.199980687
9515	8.199955904
9516	8.199936296
9517	8.199916738
9518	8.199455076
9519	8.199145471
9520	8.199079071
9521	8.19861846
9522	8.197957321
9523	8.197937852
9524	8.197918433
9525	8.19779323
9526	8.197605497
9527	8.196947413
9528	8.196812893
9529	8.196353301
9530	8.196276598
9531	8.196194144
9532	8.19576614
9533	8.19562
9534	8.194986513
9535	8.194883514
9536	8.194128578
9537	8.193670152
9538	8.193588465
9539	8.193487237
9540	8.193405893
9541	8.193126654
9542	8.193045633
9543	8.192588405
9544	8.192564021
9545	8.192256939
9546	8.192103107
9547	8.191818637
9548	8.191067806
9549	8.19104852
9550	8.190863291
9551	8.190116634
9552	8.19001327
9553	8.189557087
9554	8.189456665
9555	8.189331923
9556	8.188576754
9557	8.188487073
9558	8.188467776
9559	8.188448528
9560	8.187794756
9561	8.187713934
9562	8.187389821
9563	8.18673869
9564	8.186204864
9565	8.185866218
9566	8.185846995
9567	8.185827806
9568	8.185708868
9569	8.185285951
9570	8.185222459
9571	8.184671904
9572	8.184652776
9573	8.184500571
9574	8.184045663
9575	8.183592012
9576	8.18346097
9577	8.182930629
9578	8.182807167
9579	8.182279003
9580	8.181630951
9581	8.181611829
9582	8.181275125
9583	8.181151617
9584	8.181071118
9585	8.180618432
9586	8.180523378
9587	8.180403053
9588	8.180389803
9589	8.180288697
9590	8.179837095
9591	8.179746099
9592	8.179670113
9593	8.179651088
9594	8.179627308
9595	8.17960836
9596	8.179157954
9597	8.178770332
9598	8.177742555
9599	8.17741944
9600	8.177143184
9601	8.177124123
9602	8.176867694
9603	8.176418279
9604	8.176156281
9605	8.175835964
9606	8.175774217
9607	8.175128429
9608	8.17448561
9609	8.174394921
9610	8.174333815
9611	8.174073887
9612	8.173822733
9613	8.173420214
9614	8.173276492
9615	8.173243735
9616	8.173122928
9617	8.173003014
9618	8.172297389
9619	8.171552449
9620	8.171528527
9621	8.171240507
9622	8.170938499
9623	8.170919567
9624	8.170858208
9625	8.170540332
9626	8.170256993
9627	8.16980798
9628	8.169789051
9629	8.169048342
9630	8.169029452
9631	8.168646309
9632	8.168527046
9633	8.16821679
9634	8.167768832
9635	8.167025141
9636	8.166900899
9637	8.166626649
9638	8.166083492
9639	8.165558037
9640	8.165509215
9641	8.165490209
9642	8.16547125
9643	8.164833917
9644	8.164815009
9645	8.164741485
9646	8.164192494
9647	8.164043683
9648	8.164019968
9649	8.163828657
9650	8.163333064
9651	8.163243708
9652	8.163156042
9653	8.162992616
9654	8.162546258
9655	8.162101132
9656	8.162052308
9657	8.162033523
9658	8.161941816
9659	8.161204916
9660	8.160884969
9661	8.16024952
9662	8.159934043
9663	8.159301626
9664	8.159163794
9665	8.15839633
9666	8.158383218
9667	8.157939408
9668	8.157848987
9669	8.157733047
9670	8.157643053
9671	8.157629966
9672	8.157187326
9673	8.15653779
9674	8.156472363
9675	8.156452572
9676	8.156334627
9677	8.15625559
9678	8.156156814
9679	8.156144135
9680	8.156069553
9681	8.155627703
9682	8.15548699
9683	8.155468315
9684	8.154945626
9685	8.154425069
9686	8.154346605
9687	8.15361374
9688	8.153432222
9689	8.153095365
9690	8.153076687
9691	8.152635941
9692	8.152547394
9693	8.151903813
9694	8.151464066
9695	8.150833497
9696	8.150774443
9697	8.150651417
9698	8.150638789
9699	8.15062012
9700	8.150497346
9701	8.150195169
9702	8.149807276
9703	8.14978863
9704	8.149410051
9705	8.149281161
9706	8.149262507
9707	8.149054908
9708	8.148770089
9709	8.148662146
9710	8.148362834
9711	8.148184383
9712	8.147556567
9713	8.147396122
9714	8.146706012
9715	8.146586932
9716	8.146570176
9717	8.146050168
9718	8.145795507
9719	8.145772321
9720	8.145041714
9721	8.144746819
9722	8.144437405
9723	8.144321499
9724	8.144303007
9725	8.1441161
9726	8.143677029
9727	8.142990033
9728	8.142967024
9729	8.14234593
9730	8.141908056
9731	8.141180937
9732	8.141162519
9733	8.141073757
9734	8.140823752
9735	8.14038709
9736	8.140190385
9737	8.140011798
9738	8.139576243
9739	8.139328473
9740	8.139021635
9741	8.138718833
9742	8.138200748
9743	8.137684778
9744	8.137066223
9745	8.137043405
9746	8.136739226
9747	8.136661294
9748	8.13614745
9749	8.136069794
9750	8.135920351
9751	8.135897555
9752	8.13587921
9753	8.13586688
9754	8.135530428
9755	8.135512138
9756	8.134782054
9757	8.13466792
9758	8.134649625
9759	8.133926406
9760	8.133835643
9761	8.133220458
9762	8.132608105
9763	8.132405099
9764	8.132290311
9765	8.132267693
9766	8.132160897
9767	8.131440969
9768	8.131393746
9769	8.131274702
9770	8.130558873
9771	8.130536344
9772	8.130523542
9773	8.130010527
9774	8.129289224
9775	8.128574738
9776	8.127863864
9777	8.127526619
9778	8.127486634
9779	8.127436111
9780	8.127379048
9781	8.127251976
9782	8.126739616
9783	8.126304812
9784	8.125749727
9785	8.125574977
9786	8.12494199
9787	8.124507864
9788	8.12434946
9789	8.124330981
9790	8.12389804
9791	8.123739751
9792	8.123428735
9793	8.123410295
9794	8.123159352
9795	8.122727662
9796	8.122281181
9797	8.122108477
9798	8.12167771
9799	8.12097196
9800	8.120953527
9801	8.120254389
9802	8.120235943
9803	8.120066931
9804	8.119637432
9805	8.119125642
9806	8.118585158
9807	8.118566756
9808	8.118544106
9809	8.117850561
9810	8.117607888
9811	8.117069209
9812	8.116399715
9813	8.116387364
9814	8.116242215
9815	8.116165168
9816	8.115864455
9817	8.115198604
9818	8.115180222
9819	8.115161887
9820	8.115085218
9821	8.114626275
9822	8.114328362
9823	8.113723314
9824	8.113705006
9825	8.113124059
9826	8.112949067
9827	8.112837941
9828	8.112238272
9829	8.111789061
9830	8.111770815
9831	8.111752616
9832	8.111410986
9833	8.110814418
9834	8.110220599
9835	8.110109455
9836	8.109457819
9837	8.109439622
9838	8.109336584
9839	8.109163646
9840	8.109145485
9841	8.109038281
9842	8.108913339
9843	8.108679548
9844	8.108592085
9845	8.107979168
9846	8.107584652
9847	8.10707818
9848	8.107060071
9849	8.107042007
9850	8.106919452
9851	8.106490636
9852	8.106472598
9853	8.106044959
9854	8.1053486
9855	8.104361673
9856	8.10371403
9857	8.103695957
9858	8.103340358
9859	8.10291351
9860	8.102803471
9861	8.102146663
9862	8.101759642
9863	8.101650257
9864	8.101532241
9865	8.101514111
9866	8.101491707
9867	8.101108253
9868	8.100999575
9869	8.100573702
9870	8.100555626
9871	8.10044984
9872	8.100162627
9873	8.100144639
9874	8.099873324
9875	8.099368603
9876	8.098781938
9877	8.098073596
9878	8.09754096
9879	8.096956646
9880	8.096531854
9881	8.096413071
9882	8.095831455
9883	8.095330891
9884	8.094935883
9885	8.094880202
9886	8.09485782
9887	8.094780794
9888	8.094236659
9889	8.093900203
9890	8.093882222
9891	8.093303285
9892	8.093218116
9893	8.092923791
9894	8.092532317
9895	8.092151184
9896	8.091515645
9897	8.091271593
9898	8.0908486
9899	8.09080703
9900	8.090232833
9901	8.090189833
9902	8.089637065
9903	8.089563987
9904	8.089274555
9905	8.089150459
9906	8.088728229
9907	8.08830716
9908	8.088037246
9909	8.087848544
9910	8.087800336
9911	8.08764312
9912	8.087555805
9913	8.087271921
9914	8.087253937
9915	8.08654849
9916	8.086526102
9917	8.086408551
9918	8.085988403
9919	8.085970493
9920	8.085952627
9921	8.085934807
9922	8.085233363
9923	8.08515702
9924	8.084526038
9925	8.08435789
9926	8.084246678
9927	8.083907466
9928	8.083488395
9929	8.082790533
9930	8.082509361
9931	8.082017316
9932	8.081999537
9933	8.081893112
9934	8.081475354
9935	8.081058742
9936	8.08103671
9937	8.080657566
9938	8.080158995
9939	8.080072102
9940	8.079656647
9941	8.079160128
9942	8.078870755
9943	8.078176197
9944	8.078057163
9945	8.077951168
9946	8.077929078
9947	8.077911355
9948	8.077408765
9949	8.077032197
9950	8.076460439
9951	8.07637629
9952	8.075696896
9953	8.075621064
9954	8.075128008
9955	8.075017665
9956	8.07499563
9957	8.074796199
9958	8.074509481
9959	8.074433997
9960	8.074135282
9961	8.073979284
9962	8.073736399
9963	8.073568058
9964	8.072876573
9965	8.072858849
9966	8.072289656
9967	8.071850675
9968	8.071284181
9969	8.070948633
9970	8.070574774
9971	8.070552751
9972	8.070455214
9973	8.070210319
9974	8.069839902
9975	8.069672029
9976	8.069650057
9977	8.069028088
9978	8.068355705
9979	8.068073028
9980	8.067792775
9981	8.067637494
9982	8.067255946
9983	8.067026716
9984	8.066751191
9985	8.066606667
9986	8.066439927
9987	8.066422187
9988	8.066079961
9989	8.065586819
9990	8.065171002
9991	8.064869219
9992	8.064567774
9993	8.064550018
9994	8.064276628
9995	8.063861783
9996	8.063786399
9997	8.063768736
9998	8.063309414
9999	8.06328757
