iter	Passed	Remaining
0	1	10997
1	1	7927
2	2	7420
3	2	6684
4	3	6463
5	3	5995
6	3	5548
7	4	5186
8	4	4880
9	4	4651
10	5	4917
11	5	4991
12	6	4946
13	6	4830
14	7	4685
15	7	4578
16	7	4509
17	7	4381
18	8	4325
19	8	4221
20	8	4139
21	9	4112
22	9	4057
23	9	4010
24	9	3962
25	10	3893
26	10	3845
27	10	3812
28	11	3813
29	11	3889
30	12	3968
31	12	3950
32	13	3933
33	13	3908
34	13	3945
35	14	3953
36	14	3972
37	15	3949
38	15	3933
39	15	3931
40	16	3921
41	16	3900
42	16	3894
43	17	3877
44	17	3878
45	17	3852
46	18	3824
47	18	3795
48	18	3777
49	18	3755
50	19	3755
51	19	3752
52	19	3728
53	20	3715
54	20	3693
55	20	3676
56	20	3653
57	21	3629
58	21	3619
59	21	3605
60	22	3592
61	22	3567
62	22	3549
63	22	3528
64	22	3508
65	23	3509
66	23	3521
67	24	3528
68	24	3521
69	24	3518
70	25	3527
71	25	3524
72	25	3521
73	26	3506
74	26	3488
75	26	3478
76	26	3473
77	27	3470
78	27	3472
79	27	3467
80	28	3467
81	28	3470
82	29	3468
83	29	3483
84	29	3498
85	30	3493
86	30	3494
87	30	3489
88	31	3483
89	31	3479
90	31	3465
91	32	3452
92	32	3441
93	32	3430
94	32	3413
95	32	3399
96	33	3385
97	33	3381
98	33	3374
99	34	3370
100	34	3364
101	34	3353
102	34	3340
103	34	3327
104	35	3327
105	35	3323
106	35	3319
107	36	3330
108	36	3331
109	37	3327
110	37	3318
111	37	3306
112	37	3294
113	37	3287
114	38	3277
115	38	3267
116	38	3262
117	38	3257
118	39	3248
119	39	3238
120	39	3233
121	39	3224
122	40	3214
123	40	3204
124	40	3195
125	40	3186
126	40	3175
127	41	3167
128	41	3162
129	41	3173
130	42	3180
131	42	3173
132	42	3173
133	43	3172
134	43	3173
135	43	3179
136	44	3183
137	44	3181
138	44	3181
139	45	3179
140	45	3175
141	45	3171
142	45	3164
143	46	3156
144	46	3156
145	46	3149
146	46	3141
147	47	3133
148	47	3130
149	47	3127
150	47	3127
151	48	3136
152	48	3132
153	49	3133
154	49	3129
155	49	3123
156	49	3119
157	50	3123
158	50	3119
159	50	3117
160	50	3113
161	51	3107
162	51	3101
163	51	3101
164	52	3103
165	52	3099
166	52	3098
167	52	3091
168	53	3085
169	53	3081
170	53	3074
171	53	3078
172	54	3079
173	54	3074
174	54	3070
175	55	3072
176	55	3067
177	55	3060
178	55	3054
179	55	3050
180	56	3049
181	56	3045
182	56	3041
183	56	3036
184	57	3031
185	57	3025
186	57	3023
187	57	3018
188	58	3020
189	58	3023
190	58	3027
191	59	3027
192	59	3023
193	59	3025
194	60	3034
195	60	3032
196	60	3028
197	61	3026
198	61	3026
199	61	3021
200	61	3020
201	62	3020
202	62	3020
203	62	3016
204	63	3013
205	63	3007
206	63	3003
207	63	2998
208	63	2992
209	64	2987
210	64	2982
211	64	2977
212	64	2972
213	64	2968
214	65	2964
215	65	2959
216	65	2955
217	65	2951
218	65	2946
219	66	2950
220	66	2956
221	67	2955
222	67	2958
223	67	2953
224	67	2949
225	68	2948
226	68	2949
227	68	2946
228	68	2942
229	69	2938
230	69	2933
231	69	2929
232	69	2928
233	70	2925
234	70	2921
235	70	2917
236	70	2916
237	71	2913
238	71	2909
239	71	2905
240	71	2901
241	71	2898
242	72	2894
243	72	2904
244	72	2905
245	73	2907
246	73	2904
247	73	2905
248	74	2903
249	74	2900
250	74	2900
251	74	2899
252	75	2899
253	75	2896
254	75	2893
255	76	2893
256	76	2892
257	76	2888
258	76	2889
259	77	2885
260	77	2881
261	77	2878
262	77	2880
263	78	2880
264	78	2879
265	78	2886
266	79	2886
267	79	2888
268	79	2886
269	80	2888
270	80	2889
271	80	2890
272	81	2891
273	81	2892
274	81	2895
275	82	2896
276	82	2897
277	82	2898
278	83	2900
279	83	2902
280	83	2901
281	84	2905
282	84	2906
283	85	2912
284	85	2920
285	85	2920
286	86	2918
287	86	2918
288	86	2917
289	87	2920
290	87	2923
291	87	2922
292	88	2921
293	88	2919
294	88	2920
295	89	2922
296	89	2920
297	89	2920
298	89	2919
299	90	2919
300	90	2917
301	90	2919
302	91	2921
303	91	2922
304	91	2923
305	92	2924
306	92	2926
307	92	2925
308	93	2923
309	93	2921
310	93	2919
311	94	2919
312	94	2918
313	94	2917
314	94	2914
315	95	2914
316	95	2916
317	95	2916
318	96	2914
319	96	2910
320	96	2910
321	96	2907
322	96	2905
323	97	2910
324	97	2912
325	98	2912
326	98	2913
327	98	2912
328	99	2910
329	99	2907
330	99	2908
331	99	2907
332	100	2908
333	100	2908
334	100	2909
335	101	2908
336	101	2906
337	101	2906
338	102	2906
339	102	2905
340	102	2903
341	102	2902
342	102	2899
343	103	2904
344	103	2907
345	104	2906
346	104	2907
347	104	2907
348	105	2908
349	105	2907
350	105	2908
351	106	2907
352	106	2907
353	106	2909
354	107	2909
355	107	2908
356	107	2908
357	108	2909
358	108	2907
359	108	2904
360	108	2902
361	108	2899
362	109	2896
363	109	2895
364	109	2899
365	110	2904
366	110	2907
367	111	2907
368	111	2908
369	111	2906
370	111	2904
371	112	2904
372	112	2909
373	113	2910
374	113	2911
375	113	2911
376	114	2913
377	114	2911
378	114	2910
379	114	2908
380	115	2906
381	115	2908
382	115	2908
383	116	2906
384	116	2905
385	116	2902
386	116	2902
387	117	2903
388	117	2904
389	117	2902
390	118	2900
391	118	2897
392	118	2897
393	118	2894
394	119	2893
395	119	2892
396	119	2889
397	119	2888
398	119	2886
399	120	2886
400	120	2885
401	120	2885
402	121	2883
403	121	2882
404	121	2881
405	122	2883
406	122	2884
407	122	2886
408	123	2886
409	123	2889
410	123	2889
411	124	2888
412	124	2886
413	124	2885
414	124	2883
415	125	2883
416	125	2885
417	125	2884
418	126	2886
419	126	2886
420	126	2886
421	127	2888
422	127	2891
423	128	2891
424	128	2892
425	128	2892
426	129	2893
427	129	2895
428	129	2896
429	130	2896
430	130	2894
431	130	2892
432	130	2893
433	131	2892
434	131	2890
435	131	2892
436	132	2891
437	132	2889
438	132	2888
439	132	2886
440	133	2884
441	133	2883
442	133	2887
443	134	2888
444	134	2890
445	134	2889
446	135	2889
447	135	2888
448	135	2887
449	135	2885
450	136	2885
451	136	2883
452	136	2884
453	137	2883
454	137	2881
455	137	2879
456	137	2877
457	138	2875
458	138	2876
459	138	2876
460	138	2874
461	139	2872
462	139	2870
463	139	2871
464	140	2871
465	140	2870
466	140	2872
467	140	2871
468	141	2870
469	141	2873
470	142	2873
471	142	2873
472	142	2871
473	142	2870
474	143	2870
475	143	2870
476	143	2870
477	144	2869
478	144	2873
479	144	2871
480	145	2870
481	145	2869
482	145	2869
483	146	2870
484	146	2870
485	146	2869
486	146	2871
487	147	2871
488	147	2872
489	147	2870
490	148	2868
491	148	2866
492	148	2864
493	148	2862
494	148	2860
495	149	2858
496	149	2856
497	149	2854
498	149	2852
499	150	2850
500	150	2850
501	150	2850
502	150	2849
503	151	2847
504	151	2846
505	151	2844
506	151	2843
507	152	2844
508	152	2845
509	152	2845
510	153	2843
511	153	2843
512	153	2843
513	153	2841
514	154	2840
515	154	2839
516	154	2837
517	154	2836
518	155	2835
519	155	2835
520	155	2835
521	156	2834
522	156	2833
523	156	2832
524	156	2831
525	157	2832
526	157	2831
527	157	2829
528	157	2828
529	158	2827
530	158	2829
531	159	2829
532	159	2830
533	159	2830
534	160	2831
535	160	2831
536	160	2830
537	160	2830
538	161	2828
539	161	2826
540	161	2826
541	161	2826
542	162	2826
543	162	2825
544	162	2825
545	163	2825
546	163	2825
547	163	2824
548	164	2824
549	164	2823
550	164	2824
551	165	2824
552	165	2823
553	165	2821
554	165	2821
555	166	2822
556	166	2821
557	166	2821
558	167	2822
559	167	2822
560	167	2822
561	168	2823
562	168	2823
563	168	2824
564	169	2824
565	169	2822
566	169	2822
567	169	2821
568	170	2820
569	170	2821
570	170	2822
571	171	2821
572	171	2820
573	171	2821
574	172	2819
575	172	2818
576	172	2816
577	172	2818
578	173	2817
579	173	2817
580	173	2818
581	174	2817
582	174	2817
583	174	2816
584	175	2817
585	175	2817
586	175	2816
587	175	2816
588	176	2816
589	176	2817
590	177	2820
591	177	2820
592	177	2820
593	178	2821
594	178	2822
595	178	2824
596	179	2825
597	179	2827
598	180	2829
599	180	2830
600	181	2830
601	181	2829
602	181	2829
603	181	2830
604	182	2830
605	182	2830
606	182	2831
607	183	2831
608	183	2833
609	184	2833
610	184	2834
611	184	2834
612	185	2833
613	185	2832
614	185	2834
615	186	2835
616	186	2835
617	186	2834
618	186	2833
619	187	2834
620	187	2834
621	187	2834
622	188	2834
623	188	2835
624	188	2834
625	189	2835
626	189	2837
627	190	2840
628	190	2840
629	191	2842
630	191	2843
631	191	2843
632	192	2843
633	192	2846
634	193	2846
635	193	2846
636	193	2847
637	194	2848
638	194	2849
639	194	2850
640	195	2853
641	195	2854
642	196	2854
643	196	2854
644	196	2855
645	197	2856
646	197	2856
647	197	2857
648	198	2856
649	198	2855
650	198	2855
651	199	2855
652	199	2856
653	199	2857
654	200	2855
655	200	2855
656	200	2853
657	200	2852
658	201	2851
659	201	2851
660	201	2851
661	202	2852
662	202	2850
663	202	2850
664	203	2850
665	203	2849
666	203	2849
667	203	2849
668	204	2849
669	204	2849
670	204	2849
671	205	2848
672	205	2847
673	205	2845
674	205	2845
675	206	2844
676	206	2843
677	206	2843
678	207	2842
679	207	2843
680	207	2842
681	208	2843
682	208	2842
683	208	2841
684	209	2843
685	209	2844
686	209	2844
687	210	2843
688	210	2844
689	210	2844
690	211	2843
691	211	2843
692	211	2844
693	212	2845
694	212	2844
695	212	2845
696	213	2844
697	213	2843
698	213	2843
699	214	2843
700	214	2842
701	214	2842
702	215	2843
703	215	2843
704	215	2842
705	215	2842
706	216	2840
707	216	2840
708	216	2839
709	216	2837
710	217	2837
711	217	2837
712	217	2837
713	218	2837
714	218	2836
715	218	2835
716	218	2835
717	219	2835
718	219	2834
719	219	2835
720	220	2836
721	220	2836
722	221	2836
723	221	2836
724	221	2836
725	222	2836
726	222	2835
727	222	2834
728	222	2834
729	223	2834
730	223	2835
731	223	2834
732	224	2834
733	224	2834
734	224	2833
735	225	2832
736	225	2831
737	225	2830
738	225	2829
739	226	2829
740	226	2829
741	226	2828
742	226	2827
743	227	2825
744	227	2825
745	227	2825
746	228	2826
747	228	2826
748	228	2825
749	228	2824
750	229	2823
751	229	2822
752	229	2821
753	230	2821
754	230	2820
755	230	2820
756	230	2819
757	231	2818
758	231	2818
759	231	2817
760	232	2819
761	232	2819
762	232	2819
763	233	2819
764	233	2818
765	233	2817
766	234	2817
767	234	2816
768	234	2818
769	235	2817
770	235	2817
771	235	2816
772	235	2816
773	236	2815
774	236	2815
775	236	2814
776	236	2813
777	237	2812
778	237	2811
779	237	2810
780	237	2808
781	238	2809
782	238	2809
783	239	2810
784	239	2809
785	239	2808
786	239	2809
787	240	2808
788	240	2807
789	240	2806
790	240	2805
791	241	2805
792	241	2804
793	241	2803
794	242	2803
795	242	2802
796	242	2801
797	242	2801
798	243	2801
799	243	2801
800	243	2800
801	244	2800
802	244	2799
803	244	2799
804	245	2800
805	245	2800
806	245	2800
807	246	2800
808	246	2799
809	246	2798
810	246	2797
811	247	2796
812	247	2797
813	247	2796
814	248	2796
815	248	2796
816	248	2795
817	249	2795
818	249	2795
819	249	2795
820	250	2795
821	250	2796
822	250	2797
823	251	2798
824	251	2799
825	252	2799
826	252	2800
827	252	2801
828	253	2801
829	253	2803
830	254	2803
831	254	2804
832	254	2804
833	255	2803
834	255	2804
835	255	2804
836	256	2803
837	256	2803
838	256	2804
839	257	2804
840	257	2804
841	257	2803
842	257	2801
843	258	2801
844	258	2801
845	258	2800
846	259	2800
847	259	2800
848	259	2799
849	260	2799
850	260	2799
851	260	2797
852	260	2797
853	261	2796
854	261	2796
855	261	2795
856	262	2795
857	262	2794
858	262	2794
859	262	2794
860	263	2795
861	263	2796
862	264	2796
863	264	2796
864	264	2796
865	265	2796
866	265	2795
867	265	2795
868	265	2794
869	266	2793
870	266	2794
871	266	2792
872	267	2792
873	267	2791
874	267	2791
875	267	2790
876	268	2789
877	268	2788
878	268	2787
879	269	2789
880	269	2790
881	270	2792
882	270	2793
883	270	2792
884	271	2792
885	271	2792
886	271	2792
887	272	2792
888	272	2793
889	272	2793
890	273	2793
891	273	2793
892	273	2792
893	274	2791
894	274	2789
895	274	2789
896	274	2789
897	275	2789
898	275	2788
899	275	2788
900	276	2788
901	276	2787
902	276	2786
903	276	2786
904	277	2786
905	277	2785
906	277	2784
907	277	2783
908	278	2783
909	278	2783
910	279	2783
911	279	2782
912	279	2782
913	279	2782
914	280	2782
915	280	2782
916	280	2781
917	281	2783
918	281	2784
919	282	2784
920	282	2783
921	282	2784
922	283	2783
923	283	2783
924	283	2781
925	283	2781
926	284	2781
927	284	2781
928	284	2780
929	285	2780
930	285	2778
931	285	2777
932	285	2777
933	286	2776
934	286	2775
935	286	2774
936	286	2773
937	286	2772
938	287	2771
939	287	2771
940	287	2771
941	288	2771
942	288	2773
943	289	2773
944	289	2774
945	289	2774
946	290	2775
947	290	2774
948	290	2774
949	291	2774
950	291	2774
951	291	2773
952	292	2773
953	292	2772
954	292	2772
955	293	2772
956	293	2772
957	293	2772
958	294	2772
959	294	2771
960	294	2770
961	294	2770
962	295	2770
963	295	2769
964	295	2768
965	295	2767
966	296	2766
967	296	2765
968	296	2765
969	296	2764
970	297	2763
971	297	2761
972	297	2761
973	297	2760
974	298	2759
975	298	2758
976	298	2758
977	298	2757
978	299	2756
979	299	2755
980	299	2756
981	300	2755
982	300	2755
983	300	2755
984	301	2756
985	301	2756
986	301	2755
987	302	2755
988	302	2756
989	302	2755
990	303	2755
991	303	2754
992	303	2754
993	303	2753
994	304	2753
995	304	2753
996	304	2752
997	305	2752
998	305	2751
999	305	2751
1000	306	2753
1001	306	2756
1002	307	2755
1003	307	2754
1004	307	2754
1005	308	2754
1006	308	2753
1007	308	2752
1008	308	2752
1009	309	2751
1010	309	2750
1011	309	2749
1012	309	2748
1013	310	2747
1014	310	2747
1015	310	2747
1016	310	2746
1017	311	2745
1018	311	2745
1019	311	2745
1020	312	2745
1021	312	2745
1022	312	2746
1023	313	2747
1024	313	2747
1025	314	2747
1026	314	2747
1027	314	2746
1028	314	2746
1029	315	2745
1030	315	2745
1031	315	2744
1032	316	2743
1033	316	2742
1034	316	2742
1035	316	2741
1036	317	2740
1037	317	2740
1038	317	2740
1039	318	2739
1040	318	2741
1041	318	2741
1042	319	2740
1043	319	2741
1044	319	2741
1045	320	2740
1046	320	2739
1047	320	2737
1048	320	2737
1049	321	2737
1050	321	2737
1051	321	2736
1052	321	2735
1053	322	2734
1054	322	2734
1055	322	2733
1056	323	2733
1057	323	2733
1058	323	2732
1059	323	2732
1060	324	2731
1061	324	2732
1062	325	2733
1063	325	2732
1064	325	2733
1065	326	2732
1066	326	2732
1067	326	2731
1068	326	2731
1069	327	2730
1070	327	2730
1071	327	2729
1072	328	2729
1073	328	2729
1074	328	2729
1075	328	2728
1076	329	2727
1077	329	2726
1078	329	2725
1079	329	2725
1080	330	2725
1081	330	2726
1082	331	2726
1083	331	2726
1084	331	2727
1085	332	2728
1086	332	2727
1087	333	2728
1088	333	2727
1089	333	2727
1090	333	2727
1091	334	2726
1092	334	2726
1093	334	2726
1094	335	2725
1095	335	2725
1096	335	2725
1097	336	2724
1098	336	2728
1099	337	2731
1100	337	2731
1101	338	2733
1102	338	2733
1103	339	2733
1104	339	2732
1105	339	2732
1106	340	2732
1107	340	2732
1108	340	2731
1109	340	2731
1110	341	2730
1111	341	2730
1112	341	2730
1113	342	2730
1114	343	2733
1115	343	2737
1116	344	2738
1117	344	2738
1118	345	2739
1119	345	2740
1120	345	2740
1121	346	2740
1122	346	2739
1123	347	2740
1124	347	2740
1125	347	2740
1126	348	2740
1127	349	2745
1128	349	2748
1129	350	2749
1130	350	2749
1131	350	2748
1132	351	2748
1133	351	2747
1134	351	2746
1135	351	2746
1136	352	2746
1137	352	2745
1138	352	2744
1139	353	2744
1140	353	2743
1141	353	2743
1142	353	2742
1143	354	2742
1144	354	2743
1145	355	2746
1146	356	2747
1147	356	2749
1148	356	2749
1149	357	2749
1150	357	2749
1151	357	2748
1152	358	2748
1153	358	2747
1154	358	2747
1155	359	2747
1156	359	2748
1157	360	2749
1158	360	2748
1159	361	2753
1160	361	2755
1161	362	2755
1162	362	2755
1163	362	2754
1164	363	2754
1165	363	2753
1166	363	2753
1167	364	2752
1168	364	2752
1169	364	2752
1170	365	2752
1171	365	2751
1172	365	2752
1173	366	2752
1174	366	2751
1175	366	2752
1176	367	2756
1177	368	2758
1178	368	2757
1179	368	2757
1180	369	2757
1181	369	2757
1182	370	2757
1183	370	2758
1184	370	2759
1185	371	2759
1186	371	2759
1187	371	2758
1188	372	2758
1189	372	2757
1190	372	2757
1191	373	2757
1192	373	2760
1193	374	2760
1194	374	2759
1195	374	2759
1196	375	2759
1197	375	2759
1198	376	2760
1199	376	2760
1200	376	2760
1201	377	2760
1202	377	2759
1203	377	2759
1204	378	2759
1205	378	2759
1206	378	2759
1207	379	2760
1208	379	2760
1209	380	2764
1210	380	2764
1211	381	2764
1212	381	2763
1213	381	2762
1214	381	2761
1215	382	2762
1216	382	2761
1217	383	2761
1218	383	2761
1219	383	2761
1220	384	2761
1221	384	2760
1222	384	2761
1223	385	2764
1224	386	2766
1225	386	2766
1226	386	2765
1227	387	2764
1228	387	2765
1229	387	2765
1230	388	2767
1231	389	2768
1232	389	2768
1233	389	2767
1234	390	2768
1235	390	2767
1236	391	2770
1237	391	2771
1238	392	2772
1239	392	2773
1240	392	2773
1241	393	2774
1242	393	2774
1243	394	2773
1244	394	2773
1245	394	2772
1246	395	2774
1247	395	2775
1248	396	2775
1249	396	2775
1250	396	2774
1251	397	2775
1252	397	2775
1253	397	2775
1254	398	2778
1255	399	2779
1256	399	2779
1257	400	2779
1258	400	2780
1259	401	2781
1260	401	2782
1261	401	2782
1262	402	2782
1263	402	2784
1264	403	2786
1265	404	2789
1266	404	2789
1267	405	2789
1268	405	2790
1269	405	2790
1270	406	2790
1271	406	2790
1272	407	2791
1273	407	2792
1274	408	2792
1275	408	2792
1276	408	2792
1277	409	2791
1278	409	2792
1279	410	2796
1280	411	2798
1281	411	2798
1282	411	2798
1283	412	2799
1284	412	2800
1285	413	2801
1286	413	2801
1287	414	2802
1288	414	2802
1289	415	2803
1290	415	2804
1291	416	2805
1292	416	2807
1293	417	2809
1294	417	2809
1295	418	2809
1296	418	2808
1297	418	2808
1298	419	2809
1299	419	2809
1300	420	2809
1301	420	2808
1302	420	2808
1303	421	2808
1304	421	2807
1305	422	2809
1306	423	2815
1307	423	2816
1308	424	2817
1309	424	2817
1310	425	2817
1311	425	2817
1312	425	2817
1313	426	2817
1314	426	2817
1315	426	2816
1316	427	2816
1317	427	2815
1318	427	2815
1319	428	2816
1320	428	2817
1321	429	2820
1322	430	2820
1323	430	2820
1324	430	2820
1325	431	2820
1326	431	2821
1327	432	2821
1328	432	2821
1329	432	2821
1330	433	2820
1331	433	2820
1332	433	2820
1333	434	2820
1334	435	2825
1335	435	2825
1336	436	2826
1337	436	2827
1338	437	2827
1339	437	2827
1340	437	2827
1341	438	2827
1342	438	2827
1343	439	2827
1344	439	2827
1345	439	2827
1346	440	2828
1347	441	2830
1348	441	2831
1349	442	2833
1350	442	2833
1351	442	2833
1352	443	2834
1353	444	2835
1354	444	2835
1355	444	2836
1356	445	2837
1357	445	2837
1358	446	2838
1359	447	2841
1360	447	2842
1361	448	2843
1362	449	2845
1363	449	2848
1364	450	2849
1365	450	2850
1366	451	2850
1367	451	2851
1368	453	2860
1369	454	2862
1370	455	2864
1371	455	2863
1372	455	2863
1373	456	2863
1374	456	2863
1375	456	2862
1376	457	2862
1377	457	2863
1378	458	2863
1379	458	2865
1380	459	2868
1381	460	2869
1382	460	2871
1383	461	2871
1384	461	2871
1385	462	2871
1386	462	2872
1387	462	2872
1388	463	2872
1389	463	2872
1390	464	2873
1391	464	2874
1392	465	2874
1393	465	2874
1394	466	2875
1395	466	2875
1396	466	2875
1397	467	2875
1398	467	2875
1399	468	2875
1400	468	2875
1401	468	2875
1402	469	2874
1403	469	2875
1404	469	2874
1405	470	2875
1406	471	2876
1407	472	2880
1408	472	2883
1409	473	2884
1410	473	2884
1411	474	2884
1412	474	2885
1413	475	2886
1414	476	2888
1415	476	2888
1416	476	2888
1417	477	2889
1418	477	2889
1419	478	2892
1420	479	2893
1421	479	2892
1422	479	2892
1423	480	2891
1424	480	2891
1425	480	2891
1426	481	2891
1427	481	2891
1428	481	2890
1429	482	2890
1430	482	2890
1431	483	2891
1432	483	2892
1433	484	2893
1434	485	2896
1435	485	2896
1436	486	2897
1437	486	2899
1438	487	2899
1439	487	2899
1440	488	2899
1441	488	2900
1442	490	2906
1443	491	2910
1444	491	2911
1445	492	2913
1446	492	2913
1447	493	2913
1448	493	2913
1449	494	2912
1450	494	2912
1451	494	2911
1452	495	2912
1453	495	2913
1454	496	2914
1455	496	2914
1456	497	2915
1457	497	2915
1458	497	2914
1459	498	2914
1460	499	2917
1461	499	2918
1462	500	2919
1463	500	2920
1464	501	2922
1465	502	2927
1466	503	2930
1467	504	2931
1468	504	2931
1469	505	2931
1470	505	2930
1471	505	2930
1472	506	2929
1473	506	2928
1474	506	2927
1475	507	2928
1476	507	2930
1477	508	2931
1478	509	2933
1479	509	2933
1480	510	2933
1481	510	2933
1482	510	2933
1483	511	2933
1484	511	2932
1485	511	2932
1486	512	2932
1487	512	2931
1488	512	2932
1489	513	2932
1490	513	2932
1491	514	2931
1492	514	2931
1493	514	2930
1494	514	2929
1495	515	2928
1496	515	2928
1497	515	2927
1498	516	2928
1499	516	2928
1500	517	2927
1501	517	2926
1502	517	2926
1503	517	2925
1504	518	2925
1505	518	2924
1506	519	2929
1507	520	2930
1508	520	2930
1509	521	2932
1510	522	2932
1511	522	2932
1512	522	2932
1513	523	2931
1514	523	2930
1515	523	2929
1516	523	2929
1517	524	2929
1518	524	2929
1519	525	2929
1520	525	2929
1521	526	2930
1522	526	2932
1523	527	2932
1524	527	2932
1525	528	2932
1526	528	2932
1527	528	2932
1528	529	2933
1529	529	2933
1530	530	2933
1531	530	2933
1532	531	2933
1533	531	2932
1534	531	2932
1535	533	2942
1536	534	2942
1537	534	2941
1538	535	2942
1539	535	2941
1540	535	2940
1541	536	2940
1542	536	2939
1543	536	2938
1544	536	2938
1545	537	2937
1546	537	2939
1547	538	2940
1548	538	2939
1549	539	2939
1550	539	2938
1551	539	2938
1552	540	2937
1553	540	2937
1554	540	2937
1555	541	2936
1556	541	2936
1557	541	2935
1558	542	2935
1559	542	2935
1560	542	2934
1561	543	2934
1562	543	2934
1563	544	2934
1564	544	2934
1565	545	2935
1566	545	2935
1567	545	2935
1568	546	2935
1569	546	2935
1570	547	2935
1571	547	2935
1572	547	2934
1573	548	2933
1574	548	2933
1575	548	2933
1576	549	2934
1577	550	2936
1578	550	2936
1579	550	2936
1580	551	2935
1581	551	2935
1582	551	2935
1583	552	2935
1584	552	2935
1585	553	2936
1586	553	2936
1587	554	2935
1588	554	2935
1589	554	2935
1590	555	2934
1591	555	2934
1592	556	2934
1593	556	2935
1594	557	2936
1595	557	2937
1596	558	2938
1597	558	2938
1598	560	2944
1599	560	2945
1600	561	2944
1601	561	2944
1602	561	2943
1603	562	2943
1604	562	2943
1605	563	2943
1606	563	2943
1607	564	2943
1608	564	2943
1609	564	2943
1610	565	2942
1611	565	2941
1612	565	2941
1613	566	2941
1614	566	2941
1615	566	2940
1616	567	2940
1617	567	2940
1618	567	2939
1619	568	2938
1620	568	2939
1621	569	2940
1622	569	2941
1623	570	2941
1624	570	2941
1625	571	2941
1626	571	2941
1627	571	2941
1628	572	2941
1629	572	2942
1630	573	2942
1631	573	2941
1632	574	2941
1633	574	2941
1634	575	2942
1635	575	2941
1636	575	2941
1637	576	2941
1638	576	2941
1639	577	2941
1640	577	2941
1641	577	2940
1642	578	2940
1643	578	2939
1644	578	2939
1645	579	2939
1646	579	2939
1647	579	2938
1648	580	2939
1649	580	2939
1650	581	2940
1651	582	2941
1652	582	2941
1653	582	2941
1654	583	2940
1655	583	2940
1656	583	2940
1657	584	2940
1658	584	2939
1659	585	2939
1660	585	2938
1661	586	2940
1662	586	2940
1663	587	2941
1664	588	2943
1665	588	2943
1666	588	2942
1667	588	2941
1668	589	2941
1669	589	2941
1670	590	2941
1671	590	2940
1672	590	2940
1673	590	2939
1674	591	2938
1675	591	2938
1676	591	2937
1677	592	2937
1678	592	2937
1679	593	2937
1680	593	2938
1681	594	2939
1682	594	2938
1683	595	2938
1684	595	2937
1685	595	2938
1686	596	2937
1687	596	2937
1688	596	2936
1689	597	2936
1690	597	2935
1691	597	2935
1692	598	2934
1693	598	2934
1694	598	2933
1695	599	2934
1696	600	2938
1697	601	2939
1698	601	2939
1699	602	2939
1700	602	2939
1701	602	2939
1702	603	2938
1703	603	2938
1704	604	2938
1705	604	2937
1706	604	2937
1707	605	2937
1708	605	2937
1709	605	2937
1710	606	2936
1711	606	2936
1712	606	2936
1713	607	2935
1714	607	2935
1715	608	2935
1716	608	2934
1717	608	2935
1718	609	2935
1719	609	2934
1720	609	2934
1721	610	2934
1722	610	2933
1723	611	2934
1724	611	2935
1725	612	2935
1726	612	2934
1727	613	2935
1728	613	2936
1729	614	2935
1730	614	2935
1731	614	2935
1732	615	2934
1733	615	2935
1734	616	2935
1735	616	2934
1736	616	2934
1737	617	2933
1738	618	2936
1739	618	2936
1740	619	2936
1741	619	2937
1742	620	2937
1743	620	2936
1744	620	2936
1745	621	2935
1746	621	2935
1747	621	2935
1748	622	2934
1749	622	2934
1750	622	2934
1751	623	2934
1752	623	2934
1753	624	2935
1754	624	2935
1755	625	2935
1756	625	2935
1757	626	2935
1758	626	2934
1759	626	2934
1760	627	2934
1761	627	2934
1762	627	2933
1763	628	2933
1764	628	2932
1765	628	2932
1766	629	2932
1767	629	2932
1768	630	2932
1769	630	2932
1770	631	2932
1771	631	2932
1772	632	2932
1773	632	2932
1774	632	2932
1775	633	2932
1776	633	2931
1777	633	2931
1778	634	2930
1779	634	2930
1780	634	2930
1781	635	2930
1782	635	2929
1783	636	2929
1784	636	2930
1785	637	2930
1786	637	2930
1787	638	2930
1788	638	2930
1789	638	2930
1790	639	2929
1791	639	2929
1792	639	2929
1793	640	2930
1794	641	2930
1795	641	2929
1796	642	2930
1797	642	2930
1798	642	2930
1799	643	2931
1800	643	2931
1801	644	2931
1802	644	2931
1803	645	2930
1804	645	2930
1805	645	2929
1806	646	2929
1807	646	2928
1808	646	2927
1809	646	2927
1810	647	2927
1811	647	2927
1812	648	2927
1813	649	2931
1814	649	2930
1815	650	2930
1816	650	2930
1817	650	2929
1818	651	2928
1819	651	2928
1820	652	2929
1821	652	2928
1822	652	2928
1823	653	2928
1824	655	2937
1825	656	2937
1826	656	2938
1827	657	2938
1828	657	2938
1829	657	2937
1830	658	2937
1831	658	2936
1832	658	2936
1833	659	2935
1834	659	2935
1835	660	2934
1836	660	2935
1837	661	2936
1838	661	2936
1839	662	2937
1840	662	2938
1841	663	2937
1842	663	2937
1843	664	2937
1844	664	2937
1845	665	2937
1846	665	2937
1847	665	2936
1848	666	2936
1849	666	2937
1850	667	2937
1851	668	2939
1852	668	2939
1853	668	2938
1854	669	2938
1855	669	2938
1856	670	2938
1857	670	2937
1858	670	2936
1859	670	2936
1860	671	2935
1861	671	2934
1862	671	2934
1863	672	2933
1864	672	2934
1865	673	2935
1866	673	2935
1867	674	2936
1868	675	2936
1869	675	2937
1870	676	2937
1871	676	2937
1872	676	2937
1873	677	2937
1874	677	2936
1875	678	2937
1876	678	2937
1877	679	2938
1878	680	2941
1879	680	2941
1880	681	2940
1881	681	2940
1882	682	2941
1883	683	2942
1884	684	2945
1885	685	2947
1886	685	2948
1887	686	2948
1888	687	2950
1889	687	2950
1890	688	2950
1891	688	2950
1892	689	2950
1893	689	2950
1894	689	2950
1895	690	2951
1896	691	2952
1897	691	2953
1898	692	2955
1899	693	2956
1900	694	2956
1901	694	2956
1902	695	2957
1903	695	2957
1904	696	2957
1905	696	2957
1906	697	2959
1907	698	2960
1908	698	2960
1909	699	2961
1910	699	2960
1911	700	2961
1912	700	2961
1913	700	2961
1914	701	2961
1915	701	2960
1916	701	2959
1917	702	2958
1918	702	2958
1919	702	2957
1920	703	2957
1921	703	2957
1922	704	2957
1923	704	2958
1924	705	2958
1925	705	2958
1926	706	2958
1927	706	2958
1928	706	2957
1929	707	2957
1930	707	2957
1931	708	2957
1932	708	2957
1933	709	2957
1934	709	2958
1935	710	2959
1936	711	2961
1937	711	2961
1938	712	2960
1939	712	2959
1940	712	2959
1941	713	2959
1942	713	2959
1943	713	2958
1944	714	2958
1945	714	2957
1946	714	2957
1947	715	2957
1948	716	2961
1949	717	2961
1950	717	2960
1951	718	2961
1952	718	2960
1953	719	2960
1954	719	2960
1955	719	2959
1956	720	2959
1957	720	2958
1958	720	2958
1959	721	2957
1960	721	2957
1961	722	2958
1962	722	2958
1963	723	2958
1964	723	2958
1965	724	2959
1966	724	2959
1967	725	2959
1968	726	2964
1969	727	2965
1970	727	2964
1971	728	2965
1972	728	2965
1973	729	2965
1974	729	2965
1975	730	2965
1976	730	2965
1977	731	2964
1978	731	2964
1979	731	2964
1980	732	2964
1981	732	2964
1982	733	2963
1983	733	2963
1984	733	2962
1985	734	2962
1986	734	2962
1987	735	2962
1988	735	2963
1989	736	2963
1990	736	2963
1991	737	2962
1992	737	2962
1993	737	2961
1994	737	2960
1995	738	2959
1996	738	2958
1997	738	2959
1998	739	2958
1999	739	2958
2000	739	2957
2001	741	2963
2002	742	2963
2003	742	2962
2004	742	2962
2005	743	2962
2006	743	2961
2007	744	2961
2008	744	2961
2009	744	2960
2010	745	2960
2011	745	2959
2012	746	2960
2013	747	2962
2014	747	2963
2015	748	2963
2016	748	2962
2017	748	2962
2018	749	2961
2019	749	2961
2020	750	2961
2021	750	2960
2022	750	2960
2023	751	2960
2024	751	2959
2025	751	2959
2026	752	2958
2027	752	2958
2028	753	2958
2029	753	2958
2030	754	2958
2031	754	2958
2032	754	2958
2033	755	2957
2034	755	2957
2035	755	2957
2036	756	2956
2037	756	2955
2038	756	2955
2039	757	2954
2040	757	2954
2041	757	2953
2042	758	2952
2043	758	2953
2044	759	2952
2045	759	2952
2046	759	2951
2047	760	2951
2048	760	2951
2049	760	2951
2050	761	2950
2051	761	2949
2052	761	2949
2053	762	2948
2054	762	2947
2055	762	2947
2056	763	2946
2057	763	2946
2058	763	2945
2059	763	2944
2060	764	2945
2061	766	2950
2062	766	2950
2063	767	2949
2064	767	2948
2065	767	2948
2066	768	2948
2067	768	2947
2068	768	2946
2069	769	2946
2070	769	2945
2071	769	2944
2072	769	2943
2073	770	2943
2074	770	2942
2075	771	2944
2076	771	2944
2077	772	2945
2078	773	2945
2079	773	2945
2080	773	2945
2081	774	2944
2082	774	2943
2083	774	2942
2084	775	2942
2085	775	2941
2086	775	2941
2087	776	2940
2088	777	2944
2089	778	2945
2090	778	2945
2091	779	2944
2092	779	2944
2093	779	2943
2094	780	2943
2095	780	2942
2096	780	2942
2097	780	2941
2098	781	2940
2099	781	2940
2100	781	2939
2101	782	2938
2102	782	2938
2103	783	2939
2104	784	2940
2105	784	2940
2106	784	2940
2107	785	2940
2108	785	2940
2109	786	2940
2110	786	2939
2111	787	2939
2112	787	2939
2113	788	2940
2114	788	2940
2115	789	2939
2116	789	2940
2117	790	2940
2118	790	2940
2119	791	2941
2120	791	2941
2121	792	2941
2122	792	2940
2123	792	2940
2124	793	2939
2125	793	2938
2126	793	2937
2127	793	2937
2128	794	2936
2129	794	2935
2130	794	2935
2131	795	2935
2132	795	2935
2133	796	2935
2134	796	2935
2135	797	2935
2136	797	2934
2137	797	2934
2138	798	2934
2139	799	2934
2140	799	2936
2141	800	2935
2142	800	2936
2143	801	2937
2144	802	2938
2145	802	2938
2146	803	2937
2147	803	2937
2148	803	2937
2149	804	2937
2150	804	2936
2151	805	2936
2152	805	2936
2153	805	2935
2154	806	2934
2155	806	2933
2156	806	2933
2157	807	2933
2158	807	2933
2159	807	2932
2160	808	2932
2161	808	2931
2162	808	2930
2163	809	2929
2164	809	2929
2165	809	2928
2166	809	2927
2167	810	2927
2168	810	2926
2169	810	2925
2170	811	2924
2171	811	2923
2172	811	2923
2173	811	2922
2174	812	2921
2175	812	2920
2176	812	2919
2177	812	2919
2178	813	2920
2179	814	2922
2180	815	2922
2181	815	2921
2182	815	2920
2183	816	2921
2184	816	2920
2185	817	2923
2186	818	2923
2187	818	2923
2188	819	2922
2189	819	2922
2190	819	2922
2191	820	2922
2192	820	2922
2193	821	2921
2194	821	2920
2195	821	2920
2196	822	2919
2197	822	2919
2198	822	2918
2199	823	2918
2200	823	2917
2201	823	2917
2202	824	2916
2203	824	2915
2204	824	2915
2205	824	2914
2206	825	2914
2207	826	2916
2208	826	2916
2209	827	2915
2210	827	2915
2211	828	2916
2212	828	2916
2213	829	2917
2214	830	2918
2215	830	2918
2216	831	2919
2217	832	2920
2218	832	2920
2219	833	2920
2220	833	2920
2221	834	2921
2222	834	2921
2223	835	2920
2224	835	2920
2225	836	2920
2226	836	2920
2227	837	2920
2228	837	2920
2229	838	2920
2230	838	2920
2231	838	2919
2232	839	2919
2233	839	2918
2234	839	2918
2235	840	2917
2236	840	2917
2237	841	2917
2238	841	2917
2239	842	2917
2240	842	2916
2241	842	2916
2242	843	2916
2243	844	2917
2244	844	2917
2245	845	2917
2246	845	2917
2247	846	2917
2248	846	2916
2249	846	2916
2250	846	2915
2251	847	2914
2252	847	2914
2253	847	2914
2254	848	2913
2255	848	2913
2256	848	2912
2257	849	2912
2258	849	2912
2259	850	2912
2260	850	2911
2261	850	2910
2262	851	2910
2263	851	2909
2264	851	2909
2265	852	2908
2266	852	2908
2267	852	2907
2268	853	2906
2269	853	2905
2270	853	2905
2271	853	2904
2272	854	2903
2273	854	2902
2274	854	2901
2275	854	2901
2276	855	2903
2277	856	2905
2278	857	2905
2279	857	2905
2280	858	2904
2281	858	2904
2282	859	2904
2283	859	2903
2284	859	2903
2285	860	2902
2286	860	2902
2287	860	2902
2288	861	2902
2289	862	2903
2290	862	2903
2291	863	2903
2292	863	2903
2293	864	2903
2294	864	2903
2295	865	2902
2296	865	2902
2297	865	2901
2298	866	2901
2299	866	2900
2300	867	2901
2301	869	2906
2302	869	2906
2303	870	2906
2304	870	2905
2305	870	2904
2306	870	2904
2307	871	2904
2308	871	2903
2309	872	2904
2310	872	2903
2311	873	2903
2312	873	2902
2313	874	2903
2314	874	2903
2315	875	2903
2316	875	2904
2317	876	2904
2318	876	2904
2319	877	2903
2320	877	2902
2321	877	2902
2322	878	2901
2323	878	2901
2324	878	2900
2325	879	2900
2326	879	2900
2327	880	2900
2328	880	2901
2329	881	2902
2330	882	2901
2331	882	2901
2332	882	2901
2333	883	2901
2334	884	2901
2335	884	2902
2336	885	2902
2337	885	2903
2338	886	2903
2339	886	2903
2340	887	2903
2341	887	2903
2342	888	2903
2343	888	2902
2344	888	2901
2345	889	2901
2346	889	2901
2347	890	2901
2348	890	2901
2349	891	2901
2350	891	2901
2351	892	2902
2352	893	2902
2353	893	2902
2354	894	2902
2355	894	2902
2356	894	2901
2357	895	2901
2358	895	2900
2359	895	2900
2360	896	2899
2361	896	2899
2362	897	2899
2363	897	2898
2364	898	2899
2365	898	2898
2366	899	2899
2367	899	2898
2368	899	2897
2369	899	2897
2370	900	2896
2371	900	2896
2372	900	2895
2373	901	2894
2374	901	2894
2375	902	2894
2376	902	2895
2377	903	2894
2378	904	2897
2379	905	2897
2380	905	2897
2381	906	2897
2382	906	2897
2383	906	2896
2384	907	2895
2385	907	2895
2386	907	2895
2387	908	2894
2388	908	2894
2389	909	2894
2390	909	2894
2391	910	2895
2392	911	2896
2393	911	2895
2394	912	2896
2395	912	2895
2396	912	2895
2397	913	2894
2398	913	2893
2399	913	2893
2400	913	2892
2401	914	2892
2402	914	2892
2403	915	2891
2404	915	2890
2405	915	2890
2406	916	2890
2407	916	2890
2408	917	2889
2409	917	2889
2410	917	2888
2411	918	2888
2412	918	2888
2413	918	2887
2414	919	2886
2415	919	2886
2416	919	2885
2417	920	2885
2418	920	2884
2419	920	2883
2420	920	2882
2421	921	2884
2422	922	2884
2423	923	2885
2424	923	2885
2425	924	2885
2426	924	2885
2427	925	2885
2428	925	2885
2429	926	2884
2430	926	2883
2431	926	2883
2432	927	2883
2433	927	2882
2434	927	2882
2435	928	2883
2436	929	2883
2437	929	2882
2438	929	2882
2439	930	2882
2440	930	2882
2441	931	2882
2442	931	2881
2443	932	2881
2444	932	2881
2445	932	2881
2446	933	2880
2447	933	2880
2448	934	2881
2449	934	2880
2450	935	2882
2451	936	2882
2452	936	2882
2453	937	2881
2454	937	2881
2455	937	2880
2456	938	2880
2457	938	2879
2458	938	2878
2459	939	2878
2460	939	2877
2461	939	2877
2462	940	2877
2463	941	2879
2464	941	2878
2465	942	2878
2466	942	2878
2467	942	2877
2468	943	2876
2469	943	2876
2470	943	2875
2471	944	2875
2472	944	2875
2473	944	2874
2474	945	2873
2475	945	2873
2476	945	2872
2477	946	2873
2478	947	2873
2479	947	2873
2480	947	2872
2481	948	2872
2482	948	2871
2483	948	2871
2484	949	2870
2485	949	2869
2486	949	2869
2487	950	2868
2488	950	2868
2489	951	2868
2490	951	2869
2491	952	2869
2492	953	2870
2493	954	2872
2494	954	2872
2495	955	2871
2496	955	2871
2497	956	2871
2498	956	2870
2499	956	2870
2500	957	2869
2501	957	2869
2502	957	2868
2503	957	2867
2504	958	2868
2505	958	2867
2506	959	2867
2507	959	2866
2508	959	2866
2509	960	2865
2510	960	2865
2511	960	2864
2512	961	2863
2513	961	2863
2514	961	2862
2515	962	2861
2516	962	2861
2517	962	2860
2518	962	2859
2519	963	2859
2520	963	2859
2521	965	2861
2522	965	2862
2523	966	2861
2524	968	2865
2525	968	2865
2526	968	2865
2527	969	2864
2528	969	2864
2529	969	2863
2530	970	2862
2531	970	2862
2532	971	2863
2533	971	2862
2534	972	2862
2535	972	2862
2536	973	2862
2537	973	2862
2538	973	2861
2539	974	2861
2540	974	2860
2541	975	2860
2542	975	2860
2543	975	2859
2544	976	2859
2545	976	2858
2546	976	2858
2547	977	2858
2548	977	2858
2549	978	2857
2550	978	2857
2551	978	2857
2552	979	2856
2553	979	2856
2554	980	2855
2555	980	2855
2556	980	2855
2557	981	2854
2558	981	2854
2559	981	2853
2560	982	2853
2561	982	2853
2562	983	2853
2563	984	2853
2564	984	2853
2565	985	2854
2566	985	2853
2567	986	2854
2568	986	2853
2569	986	2853
2570	987	2852
2571	987	2852
2572	987	2851
2573	988	2850
2574	988	2849
2575	988	2848
2576	989	2851
2577	990	2851
2578	991	2852
2579	991	2851
2580	992	2851
2581	992	2851
2582	993	2851
2583	993	2850
2584	993	2850
2585	996	2857
2586	997	2858
2587	997	2857
2588	998	2857
2589	998	2857
2590	999	2856
2591	999	2856
2592	1000	2856
2593	1000	2856
2594	1000	2856
2595	1001	2856
2596	1001	2855
2597	1002	2856
2598	1002	2855
2599	1003	2855
2600	1003	2855
2601	1004	2855
2602	1004	2854
2603	1004	2854
2604	1005	2853
2605	1005	2852
2606	1005	2852
2607	1006	2851
2608	1006	2851
2609	1006	2850
2610	1007	2850
2611	1007	2849
2612	1007	2849
2613	1008	2848
2614	1008	2848
2615	1009	2848
2616	1009	2848
2617	1009	2847
2618	1010	2846
2619	1010	2846
2620	1010	2845
2621	1011	2845
2622	1011	2844
2623	1011	2844
2624	1012	2843
2625	1012	2842
2626	1012	2841
2627	1012	2840
2628	1013	2840
2629	1013	2840
2630	1014	2840
2631	1014	2839
2632	1014	2839
2633	1015	2838
2634	1015	2838
2635	1015	2837
2636	1016	2837
2637	1016	2836
2638	1016	2835
2639	1016	2835
2640	1017	2834
2641	1017	2833
2642	1017	2833
2643	1018	2832
2644	1018	2832
2645	1018	2831
2646	1019	2830
2647	1019	2830
2648	1019	2829
2649	1020	2830
2650	1021	2830
2651	1021	2830
2652	1021	2829
2653	1022	2829
2654	1022	2828
2655	1022	2828
2656	1023	2827
2657	1023	2827
2658	1023	2826
2659	1024	2826
2660	1024	2825
2661	1024	2824
2662	1025	2824
2663	1025	2824
2664	1026	2825
2665	1026	2824
2666	1027	2824
2667	1027	2824
2668	1027	2823
2669	1028	2823
2670	1028	2822
2671	1029	2822
2672	1029	2821
2673	1029	2820
2674	1029	2819
2675	1030	2819
2676	1030	2818
2677	1030	2817
2678	1030	2817
2679	1031	2816
2680	1031	2815
2681	1031	2815
2682	1032	2814
2683	1032	2815
2684	1033	2814
2685	1033	2814
2686	1033	2814
2687	1034	2814
2688	1034	2813
2689	1035	2813
2690	1035	2812
2691	1035	2812
2692	1036	2811
2693	1036	2811
2694	1036	2810
2695	1037	2810
2696	1037	2810
2697	1038	2810
2698	1038	2809
2699	1039	2809
2700	1039	2808
2701	1039	2808
2702	1039	2807
2703	1040	2806
2704	1040	2805
2705	1040	2805
2706	1041	2804
2707	1041	2803
2708	1041	2803
2709	1041	2802
2710	1042	2801
2711	1042	2800
2712	1042	2800
2713	1042	2799
2714	1043	2799
2715	1044	2800
2716	1044	2800
2717	1045	2800
2718	1045	2800
2719	1046	2800
2720	1046	2799
2721	1046	2799
2722	1047	2798
2723	1047	2798
2724	1047	2797
2725	1048	2796
2726	1048	2796
2727	1048	2795
2728	1048	2794
2729	1051	2798
2730	1051	2798
2731	1051	2797
2732	1052	2797
2733	1052	2796
2734	1052	2796
2735	1052	2795
2736	1053	2794
2737	1053	2794
2738	1053	2793
2739	1054	2792
2740	1054	2792
2741	1054	2791
2742	1054	2790
2743	1055	2790
2744	1055	2789
2745	1055	2789
2746	1056	2789
2747	1057	2789
2748	1057	2788
2749	1057	2788
2750	1058	2788
2751	1058	2787
2752	1058	2787
2753	1059	2786
2754	1059	2786
2755	1059	2785
2756	1060	2785
2757	1060	2784
2758	1060	2784
2759	1061	2783
2760	1061	2783
2761	1062	2783
2762	1062	2782
2763	1062	2782
2764	1063	2782
2765	1063	2782
2766	1064	2781
2767	1064	2780
2768	1064	2780
2769	1064	2779
2770	1065	2779
2771	1065	2778
2772	1065	2777
2773	1066	2777
2774	1066	2776
2775	1066	2775
2776	1066	2774
2777	1067	2774
2778	1067	2773
2779	1067	2773
2780	1068	2773
2781	1068	2772
2782	1069	2772
2783	1069	2772
2784	1069	2771
2785	1070	2771
2786	1070	2770
2787	1070	2770
2788	1071	2769
2789	1071	2769
2790	1071	2768
2791	1072	2768
2792	1072	2767
2793	1072	2767
2794	1073	2766
2795	1073	2765
2796	1073	2765
2797	1074	2764
2798	1074	2764
2799	1075	2765
2800	1076	2765
2801	1076	2765
2802	1076	2764
2803	1077	2764
2804	1077	2763
2805	1077	2763
2806	1078	2763
2807	1078	2763
2808	1079	2762
2809	1079	2762
2810	1080	2762
2811	1081	2763
2812	1081	2763
2813	1082	2763
2814	1082	2763
2815	1082	2762
2816	1083	2762
2817	1083	2761
2818	1084	2761
2819	1084	2761
2820	1084	2760
2821	1085	2759
2822	1085	2759
2823	1085	2758
2824	1086	2759
2825	1087	2760
2826	1088	2761
2827	1088	2761
2828	1089	2761
2829	1089	2761
2830	1090	2760
2831	1090	2760
2832	1090	2759
2833	1091	2759
2834	1091	2758
2835	1091	2757
2836	1092	2757
2837	1092	2757
2838	1092	2756
2839	1093	2756
2840	1094	2757
2841	1094	2757
2842	1095	2757
2843	1095	2757
2844	1096	2756
2845	1096	2756
2846	1096	2756
2847	1097	2755
2848	1097	2755
2849	1098	2755
2850	1098	2755
2851	1099	2755
2852	1099	2755
2853	1100	2754
2854	1100	2754
2855	1100	2753
2856	1101	2753
2857	1101	2753
2858	1102	2753
2859	1102	2753
2860	1103	2753
2861	1103	2753
2862	1104	2753
2863	1105	2753
2864	1105	2753
2865	1106	2753
2866	1106	2752
2867	1106	2752
2868	1107	2751
2869	1107	2751
2870	1107	2750
2871	1108	2750
2872	1108	2749
2873	1108	2748
2874	1108	2748
2875	1109	2747
2876	1109	2746
2877	1109	2746
2878	1109	2745
2879	1110	2744
2880	1110	2744
2881	1111	2744
2882	1111	2743
2883	1111	2743
2884	1112	2743
2885	1112	2743
2886	1113	2743
2887	1113	2742
2888	1114	2742
2889	1114	2741
2890	1114	2741
2891	1115	2741
2892	1115	2740
2893	1115	2739
2894	1116	2739
2895	1116	2739
2896	1117	2739
2897	1117	2738
2898	1118	2738
2899	1118	2738
2900	1118	2737
2901	1119	2737
2902	1119	2736
2903	1119	2736
2904	1120	2735
2905	1120	2735
2906	1120	2734
2907	1120	2733
2908	1121	2733
2909	1121	2732
2910	1121	2731
2911	1122	2731
2912	1122	2730
2913	1122	2730
2914	1125	2734
2915	1125	2734
2916	1125	2733
2917	1126	2733
2918	1126	2732
2919	1126	2732
2920	1127	2731
2921	1127	2731
2922	1127	2730
2923	1128	2730
2924	1128	2729
2925	1128	2728
2926	1129	2728
2927	1129	2728
2928	1129	2727
2929	1130	2727
2930	1131	2727
2931	1131	2727
2932	1131	2727
2933	1132	2726
2934	1132	2726
2935	1132	2725
2936	1133	2725
2937	1133	2724
2938	1133	2723
2939	1134	2723
2940	1134	2723
2941	1134	2722
2942	1135	2722
2943	1135	2722
2944	1136	2722
2945	1137	2722
2946	1137	2722
2947	1138	2722
2948	1138	2721
2949	1138	2721
2950	1139	2720
2951	1139	2720
2952	1139	2719
2953	1140	2719
2954	1140	2718
2955	1140	2718
2956	1141	2717
2957	1141	2717
2958	1142	2718
2959	1142	2718
2960	1143	2717
2961	1143	2717
2962	1144	2717
2963	1144	2717
2964	1144	2716
2965	1145	2716
2966	1145	2715
2967	1145	2714
2968	1146	2714
2969	1146	2713
2970	1146	2713
2971	1147	2713
2972	1147	2712
2973	1148	2713
2974	1148	2712
2975	1149	2712
2976	1149	2712
2977	1150	2711
2978	1150	2711
2979	1150	2710
2980	1151	2710
2981	1151	2709
2982	1151	2708
2983	1151	2708
2984	1152	2707
2985	1152	2707
2986	1152	2706
2987	1153	2706
2988	1153	2706
2989	1154	2706
2990	1154	2706
2991	1155	2706
2992	1155	2706
2993	1156	2705
2994	1156	2705
2995	1156	2704
2996	1157	2704
2997	1157	2704
2998	1158	2703
2999	1158	2703
3000	1158	2702
3001	1159	2702
3002	1160	2702
3003	1161	2703
3004	1161	2704
3005	1162	2703
3006	1162	2703
3007	1163	2703
3008	1163	2702
3009	1163	2702
3010	1164	2701
3011	1164	2701
3012	1164	2701
3013	1165	2701
3014	1166	2702
3015	1166	2701
3016	1167	2701
3017	1167	2700
3018	1167	2700
3019	1167	2699
3020	1168	2699
3021	1168	2698
3022	1169	2698
3023	1169	2698
3024	1169	2697
3025	1170	2697
3026	1173	2702
3027	1173	2701
3028	1173	2701
3029	1174	2700
3030	1174	2700
3031	1174	2699
3032	1174	2698
3033	1174	2697
3034	1175	2697
3035	1175	2696
3036	1175	2695
3037	1175	2694
3038	1176	2694
3039	1176	2693
3040	1176	2692
3041	1177	2692
3042	1177	2693
3043	1178	2692
3044	1178	2692
3045	1179	2691
3046	1179	2691
3047	1179	2690
3048	1179	2690
3049	1180	2689
3050	1180	2688
3051	1180	2688
3052	1181	2687
3053	1181	2686
3054	1181	2686
3055	1182	2686
3056	1182	2685
3057	1182	2684
3058	1182	2683
3059	1183	2683
3060	1184	2684
3061	1184	2684
3062	1185	2683
3063	1185	2683
3064	1185	2682
3065	1185	2681
3066	1186	2681
3067	1186	2680
3068	1186	2680
3069	1187	2679
3070	1187	2679
3071	1187	2678
3072	1187	2677
3073	1188	2676
3074	1188	2676
3075	1188	2675
3076	1188	2674
3077	1189	2674
3078	1189	2674
3079	1190	2674
3080	1190	2673
3081	1190	2673
3082	1191	2672
3083	1191	2671
3084	1191	2671
3085	1192	2670
3086	1192	2670
3087	1192	2669
3088	1193	2669
3089	1193	2668
3090	1193	2667
3091	1193	2667
3092	1194	2666
3093	1194	2665
3094	1194	2665
3095	1194	2664
3096	1195	2665
3097	1196	2665
3098	1196	2664
3099	1196	2664
3100	1197	2663
3101	1197	2663
3102	1197	2662
3103	1198	2661
3104	1198	2661
3105	1198	2660
3106	1199	2660
3107	1199	2659
3108	1199	2659
3109	1200	2658
3110	1200	2657
3111	1200	2657
3112	1200	2656
3113	1201	2656
3114	1202	2656
3115	1202	2656
3116	1202	2656
3117	1203	2655
3118	1203	2654
3119	1203	2654
3120	1204	2653
3121	1204	2653
3122	1204	2652
3123	1205	2652
3124	1205	2652
3125	1205	2651
3126	1206	2650
3127	1206	2650
3128	1206	2649
3129	1206	2648
3130	1207	2648
3131	1207	2648
3132	1208	2648
3133	1208	2647
3134	1208	2646
3135	1209	2646
3136	1209	2646
3137	1209	2645
3138	1210	2644
3139	1210	2644
3140	1210	2643
3141	1210	2642
3142	1211	2642
3143	1211	2641
3144	1211	2641
3145	1212	2640
3146	1212	2639
3147	1212	2639
3148	1213	2639
3149	1214	2640
3150	1214	2640
3151	1214	2639
3152	1215	2639
3153	1215	2638
3154	1216	2638
3155	1216	2637
3156	1216	2637
3157	1216	2636
3158	1217	2635
3159	1217	2635
3160	1217	2634
3161	1217	2633
3162	1218	2633
3163	1218	2632
3164	1218	2632
3165	1219	2632
3166	1220	2632
3167	1220	2631
3168	1220	2631
3169	1221	2630
3170	1221	2630
3171	1221	2629
3172	1222	2629
3173	1222	2628
3174	1222	2627
3175	1222	2627
3176	1222	2626
3177	1223	2625
3178	1223	2625
3179	1223	2624
3180	1224	2624
3181	1224	2623
3182	1224	2623
3183	1225	2623
3184	1225	2623
3185	1226	2622
3186	1226	2622
3187	1226	2621
3188	1227	2621
3189	1227	2620
3190	1227	2619
3191	1228	2619
3192	1228	2618
3193	1228	2617
3194	1228	2617
3195	1229	2616
3196	1229	2616
3197	1229	2615
3198	1229	2614
3199	1230	2614
3200	1230	2613
3201	1230	2612
3202	1231	2612
3203	1231	2612
3204	1232	2612
3205	1232	2611
3206	1232	2611
3207	1232	2610
3208	1233	2609
3209	1233	2609
3210	1234	2609
3211	1234	2609
3212	1234	2608
3213	1235	2607
3214	1235	2607
3215	1235	2606
3216	1236	2606
3217	1236	2605
3218	1236	2605
3219	1237	2605
3220	1238	2605
3221	1238	2606
3222	1239	2606
3223	1239	2605
3224	1240	2605
3225	1240	2604
3226	1240	2604
3227	1241	2603
3228	1241	2602
3229	1241	2602
3230	1241	2601
3231	1241	2600
3232	1242	2600
3233	1242	2599
3234	1242	2598
3235	1243	2598
3236	1243	2598
3237	1244	2598
3238	1244	2598
3239	1245	2597
3240	1245	2597
3241	1245	2597
3242	1246	2596
3243	1246	2595
3244	1246	2595
3245	1247	2594
3246	1247	2594
3247	1247	2593
3248	1247	2593
3249	1248	2592
3250	1248	2591
3251	1248	2591
3252	1249	2591
3253	1249	2591
3254	1250	2590
3255	1250	2590
3256	1250	2589
3257	1251	2589
3258	1251	2589
3259	1251	2588
3260	1252	2587
3261	1252	2587
3262	1252	2586
3263	1253	2586
3264	1253	2585
3265	1253	2584
3266	1254	2584
3267	1254	2583
3268	1254	2583
3269	1254	2582
3270	1255	2583
3271	1256	2583
3272	1256	2582
3273	1257	2582
3274	1257	2581
3275	1257	2581
3276	1257	2580
3277	1258	2580
3278	1258	2579
3279	1258	2578
3280	1258	2578
3281	1259	2577
3282	1259	2577
3283	1259	2576
3284	1260	2575
3285	1260	2575
3286	1260	2575
3287	1261	2574
3288	1261	2574
3289	1262	2574
3290	1262	2573
3291	1262	2573
3292	1263	2573
3293	1263	2572
3294	1264	2572
3295	1264	2571
3296	1264	2571
3297	1265	2571
3298	1265	2571
3299	1266	2570
3300	1266	2570
3301	1266	2569
3302	1267	2569
3303	1267	2568
3304	1267	2568
3305	1269	2570
3306	1269	2569
3307	1270	2569
3308	1270	2568
3309	1270	2568
3310	1270	2567
3311	1271	2566
3312	1271	2566
3313	1272	2566
3314	1272	2565
3315	1272	2565
3316	1272	2564
3317	1273	2564
3318	1273	2563
3319	1274	2564
3320	1275	2564
3321	1275	2564
3322	1275	2563
3323	1276	2563
3324	1276	2562
3325	1276	2561
3326	1277	2561
3327	1277	2561
3328	1277	2560
3329	1278	2560
3330	1278	2560
3331	1279	2559
3332	1279	2559
3333	1280	2559
3334	1280	2559
3335	1281	2559
3336	1281	2559
3337	1282	2559
3338	1282	2558
3339	1282	2558
3340	1283	2557
3341	1283	2556
3342	1283	2556
3343	1284	2555
3344	1284	2555
3345	1284	2554
3346	1284	2553
3347	1285	2553
3348	1285	2552
3349	1285	2552
3350	1286	2552
3351	1286	2552
3352	1287	2551
3353	1287	2551
3354	1288	2551
3355	1288	2550
3356	1288	2550
3357	1289	2549
3358	1289	2549
3359	1289	2548
3360	1289	2548
3361	1290	2547
3362	1290	2547
3363	1290	2546
3364	1291	2545
3365	1292	2547
3366	1293	2547
3367	1293	2547
3368	1293	2546
3369	1294	2546
3370	1294	2545
3371	1295	2545
3372	1295	2545
3373	1295	2544
3374	1296	2544
3375	1296	2543
3376	1296	2542
3377	1296	2542
3378	1297	2541
3379	1297	2541
3380	1297	2540
3381	1298	2540
3382	1298	2540
3383	1299	2540
3384	1300	2540
3385	1300	2540
3386	1300	2539
3387	1300	2539
3388	1301	2538
3389	1301	2538
3390	1302	2537
3391	1302	2537
3392	1302	2536
3393	1302	2535
3394	1303	2535
3395	1303	2534
3396	1303	2534
3397	1304	2534
3398	1304	2534
3399	1305	2533
3400	1305	2533
3401	1306	2532
3402	1306	2532
3403	1306	2531
3404	1306	2531
3405	1307	2530
3406	1307	2529
3407	1307	2529
3408	1307	2528
3409	1308	2527
3410	1308	2527
3411	1308	2527
3412	1309	2526
3413	1309	2525
3414	1309	2525
3415	1310	2525
3416	1310	2525
3417	1311	2525
3418	1311	2525
3419	1312	2524
3420	1312	2524
3421	1312	2523
3422	1313	2523
3423	1313	2522
3424	1313	2521
3425	1313	2521
3426	1314	2520
3427	1314	2519
3428	1314	2519
3429	1314	2518
3430	1315	2517
3431	1315	2517
3432	1315	2516
3433	1316	2516
3434	1316	2516
3435	1317	2516
3436	1317	2516
3437	1318	2516
3438	1319	2516
3439	1319	2516
3440	1321	2519
3441	1322	2519
3442	1322	2519
3443	1323	2520
3444	1324	2519
3445	1324	2519
3446	1325	2518
3447	1325	2518
3448	1325	2517
3449	1326	2517
3450	1326	2516
3451	1326	2516
3452	1326	2515
3453	1327	2515
3454	1327	2514
3455	1327	2514
3456	1328	2514
3457	1329	2514
3458	1329	2514
3459	1330	2514
3460	1330	2514
3461	1330	2513
3462	1331	2513
3463	1331	2513
3464	1332	2513
3465	1333	2513
3466	1333	2513
3467	1334	2512
3468	1334	2512
3469	1335	2512
3470	1336	2513
3471	1337	2513
3472	1337	2513
3473	1337	2513
3474	1338	2513
3475	1338	2512
3476	1339	2512
3477	1339	2512
3478	1340	2511
3479	1340	2511
3480	1340	2511
3481	1341	2511
3482	1342	2512
3483	1342	2511
3484	1343	2511
3485	1343	2511
3486	1344	2510
3487	1344	2510
3488	1345	2510
3489	1345	2509
3490	1345	2509
3491	1346	2509
3492	1347	2509
3493	1348	2510
3494	1348	2510
3495	1349	2510
3496	1349	2510
3497	1350	2509
3498	1350	2509
3499	1351	2509
3500	1351	2508
3501	1351	2508
3502	1352	2508
3503	1353	2508
3504	1353	2509
3505	1354	2508
3506	1354	2508
3507	1355	2508
3508	1355	2508
3509	1356	2507
3510	1356	2507
3511	1357	2507
3512	1357	2506
3513	1357	2506
3514	1358	2506
3515	1358	2505
3516	1359	2505
3517	1359	2504
3518	1361	2507
3519	1361	2506
3520	1362	2506
3521	1362	2505
3522	1362	2505
3523	1363	2505
3524	1363	2504
3525	1363	2504
3526	1364	2503
3527	1364	2503
3528	1365	2504
3529	1366	2504
3530	1366	2503
3531	1366	2503
3532	1367	2502
3533	1367	2502
3534	1367	2501
3535	1368	2501
3536	1368	2500
3537	1369	2500
3538	1369	2499
3539	1370	2500
3540	1370	2499
3541	1370	2499
3542	1371	2499
3543	1372	2499
3544	1372	2499
3545	1372	2498
3546	1373	2498
3547	1373	2498
3548	1374	2497
3549	1374	2497
3550	1374	2496
3551	1375	2496
3552	1375	2496
3553	1376	2495
3554	1376	2495
3555	1376	2494
3556	1377	2494
3557	1377	2494
3558	1378	2494
3559	1378	2494
3560	1379	2493
3561	1379	2493
3562	1379	2493
3563	1380	2492
3564	1380	2492
3565	1381	2491
3566	1381	2491
3567	1381	2491
3568	1382	2490
3569	1382	2490
3570	1383	2490
3571	1384	2490
3572	1384	2490
3573	1385	2491
3574	1385	2490
3575	1386	2490
3576	1386	2490
3577	1387	2489
3578	1387	2489
3579	1387	2489
3580	1388	2488
3581	1389	2488
3582	1389	2488
3583	1390	2488
3584	1390	2488
3585	1391	2488
3586	1391	2488
3587	1392	2488
3588	1392	2487
3589	1392	2487
3590	1393	2486
3591	1393	2486
3592	1394	2486
3593	1394	2486
3594	1395	2485
3595	1395	2485
3596	1396	2485
3597	1396	2485
3598	1397	2485
3599	1397	2484
3600	1398	2484
3601	1398	2484
3602	1398	2483
3603	1399	2483
3604	1399	2482
3605	1399	2482
3606	1400	2481
3607	1400	2481
3608	1400	2480
3609	1401	2480
3610	1401	2479
3611	1401	2479
3612	1403	2480
3613	1403	2480
3614	1404	2480
3615	1404	2479
3616	1405	2479
3617	1405	2479
3618	1406	2479
3619	1406	2478
3620	1406	2478
3621	1407	2477
3622	1407	2477
3623	1408	2477
3624	1408	2477
3625	1409	2477
3626	1409	2476
3627	1410	2477
3628	1411	2477
3629	1411	2477
3630	1412	2477
3631	1412	2476
3632	1413	2477
3633	1414	2478
3634	1417	2482
3635	1417	2481
3636	1418	2481
3637	1418	2480
3638	1418	2480
3639	1419	2480
3640	1420	2480
3641	1420	2480
3642	1421	2479
3643	1421	2479
3644	1422	2479
3645	1422	2479
3646	1422	2478
3647	1423	2478
3648	1423	2477
3649	1424	2477
3650	1424	2477
3651	1425	2476
3652	1425	2476
3653	1425	2476
3654	1427	2478
3655	1428	2479
3656	1429	2479
3657	1430	2479
3658	1430	2479
3659	1431	2479
3660	1431	2479
3661	1432	2478
3662	1432	2478
3663	1433	2478
3664	1433	2478
3665	1434	2477
3666	1434	2477
3667	1435	2477
3668	1435	2477
3669	1435	2476
3670	1436	2476
3671	1436	2476
3672	1437	2475
3673	1437	2475
3674	1438	2475
3675	1439	2475
3676	1439	2475
3677	1440	2475
3678	1440	2475
3679	1441	2474
3680	1441	2474
3681	1441	2474
3682	1442	2473
3683	1442	2472
3684	1442	2472
3685	1443	2472
3686	1443	2471
3687	1443	2470
3688	1444	2471
3689	1445	2471
3690	1445	2470
3691	1446	2470
3692	1446	2470
3693	1446	2469
3694	1447	2469
3695	1447	2469
3696	1448	2468
3697	1448	2468
3698	1448	2467
3699	1449	2467
3700	1449	2466
3701	1449	2466
3702	1450	2465
3703	1450	2466
3704	1451	2466
3705	1452	2466
3706	1452	2466
3707	1453	2465
3708	1453	2465
3709	1453	2465
3710	1454	2464
3711	1454	2464
3712	1455	2464
3713	1455	2463
3714	1456	2463
3715	1456	2463
3716	1457	2463
3717	1457	2463
3718	1458	2462
3719	1458	2462
3720	1459	2462
3721	1459	2461
3722	1459	2461
3723	1460	2460
3724	1460	2460
3725	1461	2460
3726	1461	2460
3727	1463	2462
3728	1464	2462
3729	1464	2461
3730	1464	2461
3731	1465	2460
3732	1465	2460
3733	1465	2459
3734	1466	2459
3735	1466	2459
3736	1466	2458
3737	1467	2457
3738	1467	2457
3739	1467	2457
3740	1469	2457
3741	1469	2457
3742	1469	2457
3743	1470	2456
3744	1470	2455
3745	1470	2455
3746	1470	2454
3747	1471	2454
3748	1471	2453
3749	1472	2453
3750	1472	2452
3751	1472	2452
3752	1473	2452
3753	1473	2451
3754	1473	2451
3755	1474	2450
3756	1474	2450
3757	1475	2450
3758	1475	2450
3759	1476	2449
3760	1476	2449
3761	1476	2448
3762	1477	2448
3763	1477	2447
3764	1477	2447
3765	1477	2446
3766	1478	2445
3767	1478	2445
3768	1478	2444
3769	1479	2444
3770	1479	2443
3771	1479	2443
3772	1479	2442
3773	1480	2442
3774	1481	2442
3775	1481	2442
3776	1482	2441
3777	1482	2441
3778	1482	2440
3779	1483	2440
3780	1483	2440
3781	1484	2440
3782	1484	2439
3783	1484	2439
3784	1485	2438
3785	1485	2438
3786	1486	2438
3787	1486	2438
3788	1487	2438
3789	1487	2437
3790	1488	2437
3791	1488	2437
3792	1489	2436
3793	1489	2436
3794	1489	2435
3795	1489	2435
3796	1490	2434
3797	1490	2433
3798	1490	2433
3799	1491	2432
3800	1491	2432
3801	1491	2431
3802	1492	2431
3803	1492	2430
3804	1492	2430
3805	1493	2430
3806	1493	2429
3807	1493	2429
3808	1494	2428
3809	1494	2428
3810	1494	2427
3811	1495	2427
3812	1495	2426
3813	1495	2426
3814	1496	2425
3815	1496	2425
3816	1496	2424
3817	1497	2424
3818	1497	2423
3819	1498	2423
3820	1498	2423
3821	1498	2422
3822	1499	2422
3823	1499	2422
3824	1499	2421
3825	1500	2420
3826	1500	2420
3827	1500	2419
3828	1501	2419
3829	1501	2418
3830	1501	2418
3831	1501	2417
3832	1502	2416
3833	1502	2416
3834	1502	2415
3835	1503	2415
3836	1503	2414
3837	1503	2414
3838	1504	2413
3839	1504	2413
3840	1504	2413
3841	1505	2412
3842	1505	2412
3843	1506	2412
3844	1506	2411
3845	1506	2410
3846	1506	2410
3847	1507	2409
3848	1507	2408
3849	1507	2408
3850	1507	2407
3851	1508	2407
3852	1508	2406
3853	1508	2405
3854	1508	2405
3855	1509	2404
3856	1509	2404
3857	1510	2404
3858	1510	2403
3859	1511	2404
3860	1511	2404
3861	1512	2403
3862	1512	2402
3863	1512	2402
3864	1513	2401
3865	1513	2401
3866	1513	2400
3867	1513	2399
3868	1513	2399
3869	1514	2398
3870	1514	2397
3871	1514	2397
3872	1514	2396
3873	1515	2395
3874	1515	2395
3875	1515	2394
3876	1515	2394
3877	1516	2393
3878	1517	2394
3879	1517	2393
3880	1517	2393
3881	1518	2392
3882	1518	2392
3883	1518	2391
3884	1519	2391
3885	1519	2390
3886	1519	2389
3887	1519	2389
3888	1520	2388
3889	1520	2388
3890	1520	2387
3891	1520	2386
3892	1521	2386
3893	1521	2385
3894	1521	2384
3895	1521	2384
3896	1522	2384
3897	1522	2384
3898	1523	2383
3899	1523	2383
3900	1523	2382
3901	1524	2382
3902	1524	2381
3903	1524	2380
3904	1525	2380
3905	1525	2379
3906	1525	2379
3907	1525	2378
3908	1526	2377
3909	1526	2377
3910	1526	2377
3911	1527	2376
3912	1527	2376
3913	1528	2376
3914	1528	2375
3915	1530	2377
3916	1530	2377
3917	1531	2376
3918	1531	2376
3919	1531	2375
3920	1532	2375
3921	1532	2374
3922	1532	2374
3923	1532	2373
3924	1533	2373
3925	1533	2372
3926	1533	2372
3927	1534	2371
3928	1534	2370
3929	1534	2370
3930	1535	2370
3931	1536	2370
3932	1536	2370
3933	1536	2369
3934	1537	2369
3935	1537	2368
3936	1537	2368
3937	1538	2367
3938	1538	2367
3939	1538	2366
3940	1539	2366
3941	1539	2366
3942	1539	2365
3943	1540	2364
3944	1540	2364
3945	1540	2363
3946	1541	2363
3947	1541	2363
3948	1542	2362
3949	1542	2362
3950	1542	2362
3951	1543	2361
3952	1543	2360
3953	1543	2360
3954	1544	2360
3955	1544	2359
3956	1544	2358
3957	1544	2358
3958	1545	2358
3959	1545	2357
3960	1545	2356
3961	1546	2356
3962	1546	2355
3963	1546	2355
3964	1547	2355
3965	1548	2355
3966	1548	2355
3967	1548	2354
3968	1549	2354
3969	1549	2353
3970	1549	2353
3971	1550	2352
3972	1550	2351
3973	1550	2351
3974	1550	2350
3975	1551	2350
3976	1551	2349
3977	1551	2348
3978	1551	2348
3979	1552	2347
3980	1552	2347
3981	1552	2346
3982	1553	2346
3983	1553	2346
3984	1554	2346
3985	1554	2345
3986	1555	2345
3987	1555	2344
3988	1555	2344
3989	1556	2343
3990	1556	2343
3991	1556	2342
3992	1556	2342
3993	1557	2341
3994	1557	2341
3995	1557	2340
3996	1558	2340
3997	1558	2339
3998	1558	2338
3999	1559	2338
4000	1559	2338
4001	1560	2338
4002	1560	2337
4003	1560	2337
4004	1561	2336
4005	1561	2336
4006	1561	2336
4007	1562	2335
4008	1562	2334
4009	1562	2334
4010	1562	2333
4011	1563	2333
4012	1563	2332
4013	1563	2331
4014	1563	2331
4015	1564	2330
4016	1564	2330
4017	1565	2330
4018	1565	2329
4019	1566	2329
4020	1566	2329
4021	1567	2329
4022	1568	2330
4023	1568	2329
4024	1568	2328
4025	1569	2328
4026	1569	2327
4027	1569	2327
4028	1570	2327
4029	1570	2326
4030	1570	2326
4031	1571	2325
4032	1571	2325
4033	1572	2324
4034	1572	2324
4035	1572	2323
4036	1572	2323
4037	1573	2322
4038	1573	2322
4039	1573	2321
4040	1574	2321
4041	1574	2320
4042	1574	2320
4043	1574	2319
4044	1575	2319
4045	1575	2318
4046	1575	2317
4047	1576	2317
4048	1576	2316
4049	1576	2316
4050	1576	2315
4051	1577	2314
4052	1577	2314
4053	1577	2314
4054	1578	2313
4055	1578	2313
4056	1578	2312
4057	1579	2312
4058	1579	2311
4059	1579	2311
4060	1580	2311
4061	1580	2310
4062	1581	2310
4063	1581	2310
4064	1581	2309
4065	1582	2309
4066	1582	2308
4067	1582	2308
4068	1583	2307
4069	1583	2307
4070	1583	2306
4071	1584	2306
4072	1584	2305
4073	1585	2305
4074	1585	2305
4075	1585	2304
4076	1585	2304
4077	1586	2303
4078	1586	2302
4079	1586	2302
4080	1587	2301
4081	1587	2301
4082	1587	2300
4083	1587	2299
4084	1587	2299
4085	1588	2298
4086	1588	2298
4087	1588	2297
4088	1588	2296
4089	1589	2296
4090	1589	2295
4091	1589	2295
4092	1590	2295
4093	1590	2294
4094	1591	2294
4095	1591	2294
4096	1592	2294
4097	1592	2294
4098	1593	2293
4099	1593	2293
4100	1593	2292
4101	1594	2292
4102	1594	2291
4103	1594	2290
4104	1594	2290
4105	1595	2289
4106	1595	2289
4107	1595	2288
4108	1596	2288
4109	1596	2288
4110	1597	2288
4111	1597	2287
4112	1597	2287
4113	1598	2286
4114	1598	2285
4115	1598	2285
4116	1598	2284
4117	1599	2284
4118	1599	2283
4119	1599	2283
4120	1600	2282
4121	1600	2281
4122	1600	2281
4123	1600	2281
4124	1601	2280
4125	1601	2279
4126	1601	2279
4127	1602	2279
4128	1602	2278
4129	1602	2278
4130	1603	2277
4131	1603	2277
4132	1604	2277
4133	1604	2276
4134	1604	2276
4135	1605	2275
4136	1605	2275
4137	1605	2274
4138	1606	2274
4139	1606	2274
4140	1606	2273
4141	1607	2272
4142	1607	2272
4143	1607	2271
4144	1608	2271
4145	1608	2271
4146	1609	2270
4147	1609	2270
4148	1609	2269
4149	1609	2269
4150	1610	2268
4151	1610	2268
4152	1610	2267
4153	1610	2266
4154	1611	2266
4155	1611	2265
4156	1611	2265
4157	1611	2264
4158	1611	2263
4159	1612	2263
4160	1612	2262
4161	1612	2262
4162	1612	2261
4163	1613	2260
4164	1613	2260
4165	1613	2259
4166	1614	2259
4167	1614	2259
4168	1615	2258
4169	1615	2258
4170	1615	2257
4171	1615	2257
4172	1616	2256
4173	1616	2256
4174	1616	2255
4175	1617	2255
4176	1617	2254
4177	1617	2254
4178	1618	2254
4179	1618	2253
4180	1618	2252
4181	1619	2252
4182	1619	2252
4183	1620	2252
4184	1621	2252
4185	1621	2252
4186	1621	2251
4187	1622	2251
4188	1622	2250
4189	1622	2249
4190	1622	2249
4191	1623	2248
4192	1623	2248
4193	1623	2247
4194	1623	2247
4195	1624	2246
4196	1624	2246
4197	1624	2245
4198	1625	2245
4199	1625	2244
4200	1625	2244
4201	1626	2243
4202	1626	2243
4203	1626	2242
4204	1627	2242
4205	1627	2241
4206	1627	2241
4207	1628	2240
4208	1628	2240
4209	1628	2239
4210	1628	2239
4211	1629	2238
4212	1629	2238
4213	1629	2237
4214	1630	2237
4215	1630	2236
4216	1630	2236
4217	1631	2235
4218	1631	2235
4219	1631	2234
4220	1632	2234
4221	1632	2234
4222	1632	2233
4223	1633	2233
4224	1633	2232
4225	1633	2232
4226	1634	2232
4227	1634	2231
4228	1635	2231
4229	1635	2230
4230	1635	2230
4231	1636	2229
4232	1636	2229
4233	1636	2229
4234	1637	2228
4235	1637	2227
4236	1637	2227
4237	1637	2226
4238	1638	2226
4239	1638	2225
4240	1638	2225
4241	1639	2224
4242	1639	2224
4243	1639	2224
4244	1640	2223
4245	1640	2222
4246	1640	2222
4247	1640	2221
4248	1641	2221
4249	1641	2220
4250	1641	2220
4251	1641	2219
4252	1642	2218
4253	1642	2218
4254	1642	2217
4255	1642	2217
4256	1643	2216
4257	1643	2216
4258	1643	2215
4259	1643	2215
4260	1644	2214
4261	1645	2214
4262	1645	2214
4263	1645	2214
4264	1646	2213
4265	1646	2213
4266	1646	2212
4267	1646	2211
4268	1647	2211
4269	1647	2210
4270	1647	2210
4271	1648	2209
4272	1648	2209
4273	1648	2208
4274	1649	2208
4275	1649	2208
4276	1649	2207
4277	1650	2207
4278	1650	2206
4279	1651	2206
4280	1651	2206
4281	1652	2206
4282	1652	2206
4283	1653	2205
4284	1653	2205
4285	1653	2204
4286	1654	2204
4287	1654	2203
4288	1654	2203
4289	1654	2202
4290	1655	2201
4291	1655	2201
4292	1655	2200
4293	1655	2200
4294	1656	2199
4295	1657	2200
4296	1657	2200
4297	1658	2199
4298	1658	2199
4299	1658	2198
4300	1658	2198
4301	1659	2197
4302	1659	2197
4303	1659	2196
4304	1660	2196
4305	1660	2195
4306	1660	2195
4307	1661	2194
4308	1661	2194
4309	1661	2193
4310	1661	2193
4311	1662	2192
4312	1662	2192
4313	1663	2192
4314	1663	2191
4315	1664	2191
4316	1664	2191
4317	1664	2190
4318	1665	2190
4319	1665	2189
4320	1665	2189
4321	1666	2189
4322	1666	2188
4323	1666	2188
4324	1667	2187
4325	1667	2187
4326	1667	2186
4327	1667	2185
4328	1668	2185
4329	1669	2185
4330	1669	2185
4331	1670	2185
4332	1670	2184
4333	1670	2184
4334	1671	2183
4335	1671	2183
4336	1671	2182
4337	1672	2182
4338	1672	2182
4339	1672	2181
4340	1673	2181
4341	1673	2180
4342	1673	2180
4343	1674	2179
4344	1675	2180
4345	1675	2179
4346	1676	2179
4347	1676	2179
4348	1676	2178
4349	1677	2178
4350	1677	2177
4351	1677	2177
4352	1677	2176
4353	1678	2176
4354	1678	2175
4355	1678	2175
4356	1679	2174
4357	1679	2174
4358	1679	2174
4359	1680	2173
4360	1680	2173
4361	1681	2172
4362	1681	2172
4363	1681	2172
4364	1682	2171
4365	1682	2171
4366	1682	2170
4367	1683	2170
4368	1683	2169
4369	1683	2169
4370	1683	2168
4371	1684	2168
4372	1684	2167
4373	1685	2167
4374	1685	2167
4375	1685	2166
4376	1686	2166
4377	1686	2165
4378	1687	2165
4379	1687	2165
4380	1688	2165
4381	1689	2165
4382	1689	2165
4383	1689	2164
4384	1690	2164
4385	1690	2163
4386	1690	2163
4387	1691	2162
4388	1691	2162
4389	1691	2162
4390	1692	2161
4391	1692	2161
4392	1692	2160
4393	1693	2160
4394	1693	2159
4395	1694	2159
4396	1694	2159
4397	1694	2158
4398	1695	2158
4399	1695	2158
4400	1695	2157
4401	1696	2157
4402	1696	2156
4403	1696	2156
4404	1697	2155
4405	1697	2155
4406	1697	2154
4407	1698	2154
4408	1698	2153
4409	1698	2153
4410	1698	2152
4411	1699	2152
4412	1700	2152
4413	1700	2152
4414	1701	2151
4415	1701	2151
4416	1702	2151
4417	1702	2151
4418	1703	2150
4419	1703	2150
4420	1703	2150
4421	1704	2149
4422	1704	2149
4423	1705	2149
4424	1705	2149
4425	1706	2149
4426	1707	2149
4427	1707	2149
4428	1708	2148
4429	1708	2148
4430	1709	2148
4431	1709	2147
4432	1710	2147
4433	1710	2147
4434	1710	2146
4435	1711	2146
4436	1711	2145
4437	1712	2145
4438	1713	2146
4439	1714	2146
4440	1714	2145
4441	1714	2145
4442	1715	2145
4443	1715	2144
4444	1716	2144
4445	1716	2144
4446	1716	2143
4447	1717	2143
4448	1717	2142
4449	1717	2142
4450	1718	2142
4451	1718	2141
4452	1719	2141
4453	1719	2141
4454	1720	2140
4455	1720	2140
4456	1720	2139
4457	1720	2139
4458	1721	2139
4459	1721	2138
4460	1722	2138
4461	1722	2137
4462	1722	2137
4463	1723	2136
4464	1723	2136
4465	1724	2136
4466	1725	2136
4467	1725	2136
4468	1726	2136
4469	1726	2135
4470	1726	2135
4471	1727	2135
4472	1727	2134
4473	1728	2134
4474	1728	2133
4475	1728	2133
4476	1729	2133
4477	1729	2133
4478	1730	2132
4479	1731	2132
4480	1731	2132
4481	1732	2132
4482	1732	2132
4483	1733	2132
4484	1733	2131
4485	1734	2131
4486	1734	2131
4487	1735	2131
4488	1735	2130
4489	1736	2130
4490	1736	2130
4491	1737	2130
4492	1737	2129
4493	1737	2129
4494	1738	2129
4495	1738	2128
4496	1739	2128
4497	1739	2127
4498	1739	2127
4499	1739	2126
4500	1740	2125
4501	1740	2125
4502	1740	2125
4503	1741	2124
4504	1741	2124
4505	1741	2123
4506	1742	2123
4507	1742	2123
4508	1743	2123
4509	1743	2122
4510	1744	2122
4511	1744	2121
4512	1745	2121
4513	1745	2121
4514	1745	2120
4515	1746	2120
4516	1746	2120
4517	1746	2119
4518	1747	2119
4519	1747	2118
4520	1748	2118
4521	1748	2118
4522	1749	2118
4523	1750	2118
4524	1750	2117
4525	1750	2117
4526	1751	2116
4527	1751	2116
4528	1751	2115
4529	1751	2115
4530	1752	2114
4531	1752	2114
4532	1752	2113
4533	1752	2113
4534	1753	2112
4535	1753	2112
4536	1753	2111
4537	1754	2111
4538	1755	2111
4539	1755	2111
4540	1756	2111
4541	1756	2110
4542	1756	2110
4543	1757	2110
4544	1757	2109
4545	1758	2109
4546	1758	2109
4547	1758	2108
4548	1759	2108
4549	1759	2107
4550	1760	2108
4551	1761	2108
4552	1762	2108
4553	1763	2108
4554	1763	2107
4555	1763	2107
4556	1764	2107
4557	1764	2107
4558	1765	2106
4559	1765	2106
4560	1765	2105
4561	1766	2105
4562	1766	2105
4563	1767	2105
4564	1768	2105
4565	1768	2104
4566	1769	2104
4567	1769	2104
4568	1769	2103
4569	1770	2103
4570	1770	2102
4571	1770	2102
4572	1770	2101
4573	1771	2101
4574	1771	2100
4575	1771	2100
4576	1772	2099
4577	1772	2099
4578	1772	2098
4579	1773	2098
4580	1774	2098
4581	1774	2098
4582	1774	2097
4583	1775	2097
4584	1775	2097
4585	1776	2096
4586	1776	2096
4587	1776	2096
4588	1777	2095
4589	1777	2095
4590	1778	2095
4591	1778	2094
4592	1779	2094
4593	1780	2094
4594	1780	2094
4595	1781	2094
4596	1781	2094
4597	1782	2093
4598	1782	2093
4599	1783	2093
4600	1783	2092
4601	1783	2092
4602	1784	2091
4603	1784	2091
4604	1785	2091
4605	1785	2091
4606	1786	2091
4607	1787	2091
4608	1787	2090
4609	1787	2090
4610	1788	2090
4611	1788	2089
4612	1789	2090
4613	1790	2090
4614	1790	2089
4615	1791	2089
4616	1792	2089
4617	1793	2089
4618	1793	2089
4619	1794	2089
4620	1794	2088
4621	1794	2088
4622	1795	2088
4623	1795	2087
4624	1796	2087
4625	1796	2086
4626	1797	2086
4627	1797	2086
4628	1798	2086
4629	1799	2086
4630	1799	2086
4631	1800	2086
4632	1801	2086
4633	1801	2086
4634	1803	2087
4635	1803	2086
4636	1804	2086
4637	1804	2086
4638	1805	2086
4639	1806	2086
4640	1806	2085
4641	1806	2085
4642	1807	2085
4643	1808	2085
4644	1808	2084
4645	1809	2084
4646	1810	2085
4647	1811	2085
4648	1811	2084
4649	1811	2084
4650	1812	2084
4651	1812	2083
4652	1812	2083
4653	1813	2082
4654	1813	2082
4655	1813	2081
4656	1814	2081
4657	1815	2081
4658	1815	2081
4659	1816	2081
4660	1817	2082
4661	1818	2081
4662	1818	2081
4663	1819	2081
4664	1819	2081
4665	1821	2081
4666	1821	2081
4667	1822	2081
4668	1822	2081
4669	1823	2080
4670	1823	2080
4671	1824	2080
4672	1825	2080
4673	1825	2080
4674	1826	2080
4675	1826	2080
4676	1827	2079
4677	1827	2079
4678	1828	2079
4679	1828	2078
4680	1829	2078
4681	1829	2078
4682	1830	2077
4683	1830	2077
4684	1831	2077
4685	1831	2076
4686	1831	2076
4687	1832	2076
4688	1832	2075
4689	1833	2075
4690	1833	2075
4691	1834	2074
4692	1834	2074
4693	1835	2074
4694	1835	2074
4695	1835	2073
4696	1836	2072
4697	1836	2072
4698	1836	2071
4699	1836	2071
4700	1837	2070
4701	1837	2070
4702	1837	2069
4703	1837	2069
4704	1838	2068
4705	1838	2068
4706	1838	2067
4707	1838	2067
4708	1839	2066
4709	1839	2066
4710	1839	2065
4711	1840	2065
4712	1840	2064
4713	1840	2064
4714	1841	2064
4715	1842	2064
4716	1842	2063
4717	1843	2063
4718	1843	2063
4719	1843	2062
4720	1844	2062
4721	1844	2061
4722	1844	2061
4723	1845	2060
4724	1845	2060
4725	1845	2059
4726	1848	2061
4727	1848	2061
4728	1848	2060
4729	1849	2060
4730	1849	2059
4731	1849	2059
4732	1850	2058
4733	1850	2058
4734	1850	2058
4735	1851	2057
4736	1851	2056
4737	1851	2056
4738	1851	2055
4739	1852	2055
4740	1852	2055
4741	1853	2054
4742	1853	2054
4743	1853	2053
4744	1854	2053
4745	1854	2052
4746	1854	2052
4747	1855	2051
4748	1855	2051
4749	1855	2050
4750	1855	2050
4751	1856	2049
4752	1856	2049
4753	1856	2048
4754	1856	2048
4755	1857	2047
4756	1857	2047
4757	1857	2046
4758	1858	2046
4759	1858	2045
4760	1858	2045
4761	1859	2045
4762	1860	2045
4763	1860	2045
4764	1861	2044
4765	1861	2044
4766	1861	2043
4767	1862	2043
4768	1862	2042
4769	1862	2042
4770	1863	2041
4771	1863	2041
4772	1863	2040
4773	1864	2040
4774	1864	2039
4775	1864	2039
4776	1865	2039
4777	1865	2038
4778	1865	2038
4779	1866	2037
4780	1866	2037
4781	1866	2036
4782	1867	2036
4783	1867	2035
4784	1867	2035
4785	1868	2035
4786	1868	2034
4787	1868	2034
4788	1868	2033
4789	1869	2033
4790	1869	2032
4791	1869	2032
4792	1870	2031
4793	1870	2031
4794	1871	2031
4795	1871	2030
4796	1871	2030
4797	1872	2029
4798	1872	2029
4799	1873	2029
4800	1873	2028
4801	1873	2028
4802	1874	2027
4803	1874	2027
4804	1874	2026
4805	1874	2026
4806	1875	2025
4807	1875	2025
4808	1875	2024
4809	1876	2024
4810	1876	2023
4811	1877	2023
4812	1877	2023
4813	1877	2022
4814	1877	2022
4815	1878	2021
4816	1878	2021
4817	1878	2020
4818	1879	2020
4819	1879	2019
4820	1879	2019
4821	1879	2018
4822	1880	2018
4823	1880	2017
4824	1880	2016
4825	1880	2016
4826	1880	2015
4827	1881	2015
4828	1881	2014
4829	1881	2014
4830	1882	2013
4831	1882	2013
4832	1882	2012
4833	1883	2012
4834	1883	2012
4835	1884	2012
4836	1884	2011
4837	1885	2011
4838	1885	2011
4839	1885	2010
4840	1886	2010
4841	1886	2009
4842	1886	2009
4843	1887	2008
4844	1887	2008
4845	1887	2007
4846	1888	2007
4847	1888	2006
4848	1888	2006
4849	1889	2006
4850	1889	2005
4851	1889	2005
4852	1890	2004
4853	1890	2004
4854	1890	2003
4855	1891	2003
4856	1891	2002
4857	1891	2002
4858	1892	2001
4859	1892	2001
4860	1892	2000
4861	1892	2000
4862	1893	2000
4863	1893	1999
4864	1893	1999
4865	1894	1998
4866	1894	1998
4867	1895	1998
4868	1895	1997
4869	1896	1997
4870	1896	1997
4871	1897	1997
4872	1897	1996
4873	1898	1996
4874	1898	1996
4875	1898	1995
4876	1899	1995
4877	1899	1994
4878	1899	1994
4879	1900	1993
4880	1900	1993
4881	1901	1992
4882	1901	1992
4883	1901	1992
4884	1902	1991
4885	1902	1991
4886	1903	1991
4887	1903	1990
4888	1903	1990
4889	1904	1989
4890	1904	1989
4891	1904	1988
4892	1904	1988
4893	1905	1987
4894	1905	1987
4895	1905	1986
4896	1906	1986
4897	1906	1986
4898	1907	1985
4899	1907	1985
4900	1907	1984
4901	1908	1984
4902	1908	1983
4903	1908	1983
4904	1909	1982
4905	1909	1982
4906	1909	1981
4907	1909	1981
4908	1910	1980
4909	1910	1980
4910	1910	1979
4911	1910	1979
4912	1911	1978
4913	1911	1978
4914	1911	1977
4915	1912	1977
4916	1912	1976
4917	1912	1976
4918	1913	1976
4919	1913	1975
4920	1914	1975
4921	1914	1975
4922	1914	1974
4923	1915	1974
4924	1915	1973
4925	1915	1973
4926	1916	1973
4927	1916	1972
4928	1916	1972
4929	1917	1971
4930	1917	1971
4931	1917	1970
4932	1918	1970
4933	1918	1969
4934	1918	1969
4935	1919	1969
4936	1919	1968
4937	1920	1968
4938	1920	1968
4939	1920	1967
4940	1921	1967
4941	1921	1967
4942	1922	1966
4943	1922	1966
4944	1922	1965
4945	1923	1965
4946	1923	1964
4947	1923	1964
4948	1924	1963
4949	1924	1963
4950	1924	1962
4951	1925	1962
4952	1925	1962
4953	1926	1961
4954	1926	1961
4955	1926	1960
4956	1926	1960
4957	1927	1959
4958	1927	1959
4959	1928	1959
4960	1928	1958
4961	1928	1958
4962	1928	1957
4963	1929	1957
4964	1929	1956
4965	1929	1956
4966	1930	1955
4967	1930	1955
4968	1930	1954
4969	1930	1954
4970	1931	1954
4971	1931	1953
4972	1932	1953
4973	1932	1952
4974	1932	1952
4975	1933	1951
4976	1933	1951
4977	1934	1951
4978	1934	1950
4979	1934	1950
4980	1935	1949
4981	1935	1949
4982	1935	1948
4983	1936	1948
4984	1936	1948
4985	1937	1948
4986	1937	1947
4987	1938	1947
4988	1938	1947
4989	1938	1946
4990	1939	1946
4991	1939	1945
4992	1939	1945
4993	1940	1944
4994	1940	1944
4995	1940	1944
4996	1941	1943
4997	1941	1943
4998	1941	1942
4999	1941	1941
5000	1942	1941
5001	1942	1940
5002	1942	1940
5003	1943	1940
5004	1943	1940
5005	1944	1939
5006	1944	1939
5007	1945	1938
5008	1945	1938
5009	1945	1938
5010	1946	1937
5011	1946	1937
5012	1946	1936
5013	1947	1936
5014	1947	1935
5015	1947	1935
5016	1947	1934
5017	1948	1934
5018	1948	1933
5019	1948	1933
5020	1949	1933
5021	1950	1933
5022	1950	1932
5023	1951	1932
5024	1951	1932
5025	1952	1932
5026	1952	1931
5027	1953	1931
5028	1953	1930
5029	1953	1930
5030	1954	1929
5031	1954	1929
5032	1954	1929
5033	1955	1928
5034	1956	1929
5035	1956	1928
5036	1957	1928
5037	1957	1928
5038	1958	1927
5039	1958	1927
5040	1959	1927
5041	1959	1926
5042	1960	1926
5043	1960	1926
5044	1960	1925
5045	1961	1925
5046	1961	1925
5047	1962	1925
5048	1962	1924
5049	1963	1924
5050	1963	1924
5051	1964	1923
5052	1964	1923
5053	1964	1922
5054	1964	1922
5055	1965	1921
5056	1965	1921
5057	1965	1920
5058	1966	1920
5059	1966	1920
5060	1967	1919
5061	1967	1919
5062	1968	1919
5063	1968	1919
5064	1969	1918
5065	1969	1918
5066	1969	1917
5067	1970	1917
5068	1971	1917
5069	1971	1917
5070	1972	1916
5071	1972	1916
5072	1973	1916
5073	1973	1916
5074	1975	1916
5075	1975	1916
5076	1976	1916
5077	1976	1915
5078	1977	1915
5079	1977	1915
5080	1977	1914
5081	1978	1914
5082	1978	1914
5083	1978	1913
5084	1979	1913
5085	1980	1913
5086	1980	1912
5087	1981	1912
5088	1981	1912
5089	1981	1911
5090	1982	1911
5091	1982	1910
5092	1982	1910
5093	1983	1910
5094	1983	1909
5095	1983	1909
5096	1984	1908
5097	1984	1908
5098	1984	1907
5099	1985	1907
5100	1985	1907
5101	1986	1907
5102	1987	1906
5103	1987	1906
5104	1988	1906
5105	1988	1905
5106	1989	1905
5107	1989	1905
5108	1990	1905
5109	1990	1904
5110	1990	1904
5111	1991	1903
5112	1991	1903
5113	1992	1903
5114	1993	1903
5115	1993	1903
5116	1994	1903
5117	1995	1903
5118	1995	1902
5119	1995	1902
5120	1996	1901
5121	1996	1901
5122	1996	1901
5123	1997	1900
5124	1997	1900
5125	1998	1900
5126	1999	1900
5127	1999	1899
5128	2000	1899
5129	2000	1899
5130	2000	1898
5131	2001	1898
5132	2001	1897
5133	2001	1897
5134	2002	1897
5135	2002	1896
5136	2003	1896
5137	2003	1895
5138	2003	1895
5139	2005	1895
5140	2005	1895
5141	2006	1895
5142	2006	1894
5143	2006	1894
5144	2007	1894
5145	2007	1893
5146	2007	1893
5147	2008	1892
5148	2008	1892
5149	2009	1892
5150	2009	1891
5151	2009	1891
5152	2011	1891
5153	2011	1891
5154	2012	1891
5155	2012	1890
5156	2012	1890
5157	2013	1889
5158	2013	1889
5159	2014	1889
5160	2014	1888
5161	2014	1888
5162	2015	1887
5163	2015	1887
5164	2015	1887
5165	2016	1886
5166	2017	1887
5167	2017	1886
5168	2018	1886
5169	2018	1886
5170	2019	1885
5171	2019	1885
5172	2020	1884
5173	2020	1884
5174	2020	1884
5175	2021	1883
5176	2021	1883
5177	2021	1882
5178	2022	1882
5179	2022	1882
5180	2023	1881
5181	2023	1881
5182	2024	1881
5183	2024	1880
5184	2024	1880
5185	2025	1880
5186	2025	1879
5187	2026	1879
5188	2026	1878
5189	2026	1878
5190	2027	1877
5191	2027	1877
5192	2027	1877
5193	2028	1876
5194	2028	1876
5195	2029	1876
5196	2030	1876
5197	2031	1876
5198	2031	1876
5199	2032	1875
5200	2032	1875
5201	2033	1875
5202	2033	1875
5203	2034	1874
5204	2034	1874
5205	2035	1874
5206	2035	1873
5207	2035	1873
5208	2036	1872
5209	2036	1872
5210	2036	1872
5211	2037	1871
5212	2037	1871
5213	2038	1871
5214	2038	1870
5215	2039	1870
5216	2039	1870
5217	2040	1869
5218	2040	1869
5219	2041	1869
5220	2041	1869
5221	2042	1868
5222	2042	1868
5223	2043	1868
5224	2043	1867
5225	2044	1867
5226	2044	1866
5227	2044	1866
5228	2045	1866
5229	2046	1866
5230	2046	1865
5231	2046	1865
5232	2047	1865
5233	2047	1864
5234	2048	1864
5235	2048	1864
5236	2049	1864
5237	2049	1863
5238	2050	1863
5239	2050	1862
5240	2051	1862
5241	2051	1861
5242	2051	1861
5243	2052	1861
5244	2052	1860
5245	2052	1860
5246	2053	1859
5247	2053	1859
5248	2053	1859
5249	2054	1858
5250	2054	1858
5251	2054	1857
5252	2055	1857
5253	2055	1856
5254	2055	1856
5255	2056	1855
5256	2056	1855
5257	2057	1855
5258	2057	1854
5259	2057	1854
5260	2058	1854
5261	2058	1853
5262	2059	1853
5263	2059	1853
5264	2060	1852
5265	2060	1852
5266	2060	1851
5267	2061	1851
5268	2061	1850
5269	2061	1850
5270	2061	1849
5271	2062	1849
5272	2062	1849
5273	2062	1848
5274	2063	1848
5275	2063	1847
5276	2064	1847
5277	2064	1847
5278	2064	1846
5279	2065	1846
5280	2065	1845
5281	2065	1845
5282	2066	1844
5283	2066	1844
5284	2066	1843
5285	2067	1843
5286	2067	1842
5287	2067	1842
5288	2067	1841
5289	2068	1841
5290	2068	1841
5291	2068	1840
5292	2069	1840
5293	2069	1839
5294	2069	1839
5295	2070	1838
5296	2070	1838
5297	2070	1837
5298	2072	1838
5299	2072	1837
5300	2072	1837
5301	2073	1837
5302	2073	1836
5303	2074	1836
5304	2074	1835
5305	2074	1835
5306	2075	1835
5307	2075	1834
5308	2075	1834
5309	2075	1833
5310	2076	1833
5311	2076	1832
5312	2077	1832
5313	2077	1831
5314	2077	1831
5315	2078	1831
5316	2078	1831
5317	2079	1830
5318	2079	1830
5319	2079	1829
5320	2080	1829
5321	2080	1828
5322	2080	1828
5323	2081	1827
5324	2081	1827
5325	2081	1826
5326	2081	1826
5327	2082	1825
5328	2082	1825
5329	2083	1825
5330	2084	1825
5331	2084	1824
5332	2084	1824
5333	2085	1824
5334	2085	1823
5335	2085	1823
5336	2086	1822
5337	2086	1822
5338	2087	1821
5339	2087	1821
5340	2087	1821
5341	2087	1820
5342	2088	1820
5343	2088	1819
5344	2089	1819
5345	2090	1819
5346	2090	1819
5347	2091	1819
5348	2091	1818
5349	2091	1818
5350	2091	1817
5351	2092	1817
5352	2092	1816
5353	2093	1816
5354	2093	1815
5355	2093	1815
5356	2094	1815
5357	2094	1814
5358	2095	1814
5359	2096	1814
5360	2096	1814
5361	2097	1813
5362	2097	1813
5363	2097	1813
5364	2098	1812
5365	2098	1812
5366	2099	1812
5367	2099	1811
5368	2100	1811
5369	2100	1810
5370	2100	1810
5371	2101	1810
5372	2101	1809
5373	2102	1809
5374	2102	1808
5375	2102	1808
5376	2102	1808
5377	2103	1807
5378	2103	1807
5379	2103	1806
5380	2104	1806
5381	2104	1805
5382	2104	1805
5383	2104	1804
5384	2105	1804
5385	2105	1803
5386	2105	1803
5387	2106	1803
5388	2106	1802
5389	2107	1802
5390	2108	1802
5391	2108	1801
5392	2108	1801
5393	2108	1800
5394	2109	1800
5395	2109	1799
5396	2109	1799
5397	2110	1798
5398	2110	1798
5399	2110	1798
5400	2111	1797
5401	2111	1797
5402	2111	1796
5403	2112	1796
5404	2112	1795
5405	2112	1795
5406	2112	1794
5407	2113	1794
5408	2113	1794
5409	2114	1793
5410	2114	1793
5411	2115	1793
5412	2115	1792
5413	2115	1792
5414	2116	1791
5415	2116	1791
5416	2116	1790
5417	2116	1790
5418	2117	1789
5419	2117	1789
5420	2117	1788
5421	2118	1788
5422	2118	1787
5423	2118	1787
5424	2119	1787
5425	2119	1787
5426	2121	1787
5427	2121	1786
5428	2121	1786
5429	2122	1786
5430	2122	1785
5431	2122	1785
5432	2123	1784
5433	2123	1784
5434	2123	1783
5435	2124	1783
5436	2124	1782
5437	2124	1782
5438	2125	1782
5439	2126	1782
5440	2126	1782
5441	2127	1781
5442	2127	1781
5443	2128	1781
5444	2128	1780
5445	2128	1780
5446	2129	1779
5447	2129	1779
5448	2129	1778
5449	2130	1778
5450	2130	1778
5451	2131	1777
5452	2131	1777
5453	2132	1777
5454	2132	1776
5455	2132	1776
5456	2133	1775
5457	2133	1775
5458	2133	1774
5459	2134	1774
5460	2134	1774
5461	2134	1773
5462	2134	1773
5463	2135	1772
5464	2135	1772
5465	2135	1771
5466	2136	1771
5467	2136	1770
5468	2136	1770
5469	2136	1769
5470	2137	1769
5471	2138	1769
5472	2138	1768
5473	2138	1768
5474	2139	1768
5475	2139	1767
5476	2139	1767
5477	2140	1766
5478	2140	1766
5479	2141	1765
5480	2141	1765
5481	2141	1765
5482	2142	1764
5483	2142	1764
5484	2142	1763
5485	2142	1763
5486	2143	1762
5487	2143	1762
5488	2144	1762
5489	2144	1761
5490	2144	1761
5491	2145	1760
5492	2145	1760
5493	2145	1759
5494	2146	1759
5495	2146	1759
5496	2146	1758
5497	2147	1758
5498	2147	1757
5499	2147	1757
5500	2147	1756
5501	2148	1756
5502	2148	1755
5503	2148	1755
5504	2149	1755
5505	2149	1754
5506	2150	1754
5507	2150	1753
5508	2150	1753
5509	2151	1753
5510	2151	1752
5511	2152	1752
5512	2152	1751
5513	2152	1751
5514	2152	1750
5515	2153	1750
5516	2153	1749
5517	2153	1749
5518	2153	1748
5519	2154	1748
5520	2154	1747
5521	2154	1747
5522	2155	1746
5523	2155	1746
5524	2155	1746
5525	2156	1745
5526	2156	1745
5527	2156	1744
5528	2157	1744
5529	2157	1744
5530	2157	1743
5531	2158	1743
5532	2158	1742
5533	2158	1742
5534	2158	1741
5535	2159	1741
5536	2159	1740
5537	2160	1740
5538	2160	1739
5539	2160	1739
5540	2161	1739
5541	2162	1739
5542	2162	1738
5543	2162	1738
5544	2163	1737
5545	2163	1737
5546	2163	1736
5547	2164	1736
5548	2164	1736
5549	2164	1735
5550	2164	1735
5551	2165	1734
5552	2165	1734
5553	2165	1733
5554	2166	1733
5555	2166	1732
5556	2166	1732
5557	2167	1732
5558	2169	1733
5559	2170	1733
5560	2170	1732
5561	2170	1732
5562	2171	1731
5563	2171	1731
5564	2172	1731
5565	2172	1730
5566	2173	1730
5567	2173	1730
5568	2174	1729
5569	2174	1729
5570	2174	1729
5571	2175	1728
5572	2175	1728
5573	2176	1727
5574	2176	1727
5575	2176	1726
5576	2176	1726
5577	2177	1726
5578	2177	1725
5579	2177	1725
5580	2178	1724
5581	2178	1724
5582	2178	1723
5583	2179	1723
5584	2180	1723
5585	2180	1723
5586	2181	1722
5587	2181	1722
5588	2181	1722
5589	2182	1721
5590	2182	1721
5591	2182	1720
5592	2183	1720
5593	2183	1719
5594	2183	1719
5595	2184	1718
5596	2184	1718
5597	2184	1718
5598	2185	1717
5599	2186	1717
5600	2186	1717
5601	2187	1717
5602	2187	1716
5603	2188	1716
5604	2188	1715
5605	2188	1715
5606	2189	1715
5607	2189	1714
5608	2189	1714
5609	2190	1714
5610	2190	1713
5611	2191	1713
5612	2191	1712
5613	2191	1712
5614	2192	1712
5615	2193	1711
5616	2193	1711
5617	2193	1711
5618	2194	1710
5619	2194	1710
5620	2194	1709
5621	2195	1709
5622	2195	1709
5623	2195	1708
5624	2196	1708
5625	2196	1707
5626	2197	1707
5627	2197	1707
5628	2197	1706
5629	2198	1706
5630	2198	1705
5631	2198	1705
5632	2199	1705
5633	2199	1704
5634	2200	1704
5635	2200	1703
5636	2200	1703
5637	2201	1703
5638	2201	1702
5639	2201	1702
5640	2202	1701
5641	2202	1701
5642	2202	1700
5643	2203	1700
5644	2203	1699
5645	2204	1699
5646	2204	1699
5647	2205	1699
5648	2205	1698
5649	2206	1698
5650	2206	1698
5651	2207	1697
5652	2207	1697
5653	2207	1697
5654	2208	1696
5655	2208	1696
5656	2208	1695
5657	2209	1695
5658	2209	1694
5659	2209	1694
5660	2210	1694
5661	2210	1693
5662	2211	1693
5663	2211	1693
5664	2211	1692
5665	2212	1692
5666	2212	1691
5667	2213	1691
5668	2213	1691
5669	2213	1690
5670	2214	1690
5671	2214	1689
5672	2214	1689
5673	2214	1688
5674	2215	1688
5675	2215	1687
5676	2215	1687
5677	2216	1687
5678	2216	1686
5679	2217	1686
5680	2217	1686
5681	2218	1685
5682	2218	1685
5683	2219	1685
5684	2219	1684
5685	2219	1684
5686	2220	1683
5687	2220	1683
5688	2221	1683
5689	2221	1682
5690	2221	1682
5691	2222	1681
5692	2222	1681
5693	2223	1681
5694	2223	1681
5695	2224	1680
5696	2224	1680
5697	2225	1680
5698	2225	1679
5699	2226	1679
5700	2226	1678
5701	2226	1678
5702	2226	1677
5703	2227	1677
5704	2227	1677
5705	2228	1676
5706	2228	1676
5707	2229	1676
5708	2229	1675
5709	2229	1675
5710	2230	1674
5711	2230	1674
5712	2230	1673
5713	2231	1673
5714	2231	1673
5715	2232	1672
5716	2232	1672
5717	2232	1672
5718	2233	1671
5719	2233	1671
5720	2234	1670
5721	2234	1670
5722	2235	1670
5723	2235	1670
5724	2235	1669
5725	2236	1669
5726	2236	1668
5727	2236	1668
5728	2237	1667
5729	2237	1667
5730	2237	1667
5731	2238	1666
5732	2238	1666
5733	2238	1665
5734	2239	1665
5735	2239	1664
5736	2239	1664
5737	2240	1664
5738	2240	1663
5739	2241	1663
5740	2241	1662
5741	2241	1662
5742	2242	1662
5743	2242	1661
5744	2242	1661
5745	2243	1660
5746	2243	1660
5747	2243	1659
5748	2244	1659
5749	2244	1658
5750	2244	1658
5751	2244	1657
5752	2245	1657
5753	2245	1657
5754	2246	1657
5755	2247	1657
5756	2247	1656
5757	2248	1656
5758	2248	1655
5759	2248	1655
5760	2249	1654
5761	2249	1654
5762	2249	1654
5763	2250	1653
5764	2250	1653
5765	2250	1652
5766	2251	1652
5767	2251	1652
5768	2252	1651
5769	2252	1651
5770	2253	1651
5771	2253	1650
5772	2254	1650
5773	2254	1649
5774	2254	1649
5775	2254	1649
5776	2255	1648
5777	2255	1648
5778	2255	1647
5779	2256	1647
5780	2256	1646
5781	2256	1646
5782	2257	1645
5783	2257	1645
5784	2257	1645
5785	2258	1644
5786	2258	1644
5787	2258	1643
5788	2259	1643
5789	2259	1642
5790	2259	1642
5791	2260	1642
5792	2260	1641
5793	2260	1641
5794	2260	1640
5795	2261	1640
5796	2261	1639
5797	2261	1639
5798	2262	1638
5799	2262	1638
5800	2262	1637
5801	2262	1637
5802	2263	1636
5803	2263	1636
5804	2264	1636
5805	2264	1635
5806	2264	1635
5807	2265	1634
5808	2265	1634
5809	2265	1634
5810	2266	1633
5811	2266	1633
5812	2266	1632
5813	2267	1632
5814	2267	1631
5815	2268	1631
5816	2268	1631
5817	2268	1630
5818	2268	1630
5819	2269	1629
5820	2269	1629
5821	2269	1628
5822	2270	1628
5823	2270	1628
5824	2270	1627
5825	2271	1627
5826	2271	1626
5827	2271	1626
5828	2271	1625
5829	2272	1625
5830	2272	1624
5831	2273	1624
5832	2273	1624
5833	2273	1623
5834	2274	1623
5835	2274	1622
5836	2274	1622
5837	2274	1621
5838	2275	1621
5839	2275	1620
5840	2275	1620
5841	2276	1619
5842	2276	1619
5843	2276	1619
5844	2277	1618
5845	2277	1618
5846	2277	1617
5847	2278	1617
5848	2278	1617
5849	2278	1616
5850	2279	1616
5851	2279	1615
5852	2279	1615
5853	2280	1614
5854	2280	1614
5855	2280	1613
5856	2280	1613
5857	2281	1613
5858	2281	1612
5859	2281	1612
5860	2282	1611
5861	2282	1611
5862	2283	1611
5863	2283	1610
5864	2284	1610
5865	2284	1610
5866	2285	1609
5867	2285	1609
5868	2285	1608
5869	2286	1608
5870	2286	1608
5871	2286	1607
5872	2286	1606
5873	2287	1606
5874	2287	1606
5875	2287	1605
5876	2287	1605
5877	2288	1604
5878	2288	1604
5879	2289	1603
5880	2289	1603
5881	2289	1603
5882	2290	1602
5883	2290	1602
5884	2290	1601
5885	2290	1601
5886	2291	1600
5887	2291	1600
5888	2291	1599
5889	2292	1599
5890	2292	1599
5891	2292	1598
5892	2293	1598
5893	2293	1597
5894	2293	1597
5895	2293	1596
5896	2294	1596
5897	2294	1595
5898	2294	1595
5899	2295	1594
5900	2295	1594
5901	2295	1594
5902	2296	1593
5903	2296	1593
5904	2296	1592
5905	2297	1592
5906	2297	1591
5907	2297	1591
5908	2297	1590
5909	2298	1590
5910	2298	1590
5911	2298	1589
5912	2299	1589
5913	2299	1588
5914	2299	1588
5915	2300	1587
5916	2300	1587
5917	2300	1587
5918	2301	1586
5919	2302	1586
5920	2302	1586
5921	2302	1585
5922	2303	1585
5923	2303	1584
5924	2303	1584
5925	2304	1584
5926	2304	1583
5927	2304	1583
5928	2305	1582
5929	2305	1582
5930	2305	1581
5931	2305	1581
5932	2306	1580
5933	2306	1580
5934	2307	1580
5935	2307	1579
5936	2307	1579
5937	2308	1578
5938	2308	1578
5939	2308	1578
5940	2309	1577
5941	2309	1577
5942	2309	1576
5943	2309	1576
5944	2310	1575
5945	2310	1575
5946	2310	1574
5947	2311	1574
5948	2311	1573
5949	2311	1573
5950	2312	1573
5951	2312	1572
5952	2312	1572
5953	2313	1571
5954	2313	1571
5955	2313	1571
5956	2314	1570
5957	2314	1570
5958	2315	1569
5959	2315	1569
5960	2315	1569
5961	2315	1568
5962	2316	1568
5963	2316	1567
5964	2316	1567
5965	2317	1566
5966	2317	1566
5967	2317	1565
5968	2317	1565
5969	2317	1564
5970	2318	1564
5971	2318	1564
5972	2319	1563
5973	2319	1563
5974	2319	1562
5975	2320	1562
5976	2320	1561
5977	2320	1561
5978	2321	1561
5979	2321	1560
5980	2321	1560
5981	2322	1559
5982	2322	1559
5983	2322	1558
5984	2323	1558
5985	2323	1557
5986	2323	1557
5987	2323	1556
5988	2324	1556
5989	2324	1556
5990	2324	1555
5991	2325	1555
5992	2325	1554
5993	2326	1554
5994	2326	1554
5995	2326	1553
5996	2326	1553
5997	2327	1552
5998	2327	1552
5999	2327	1551
6000	2327	1551
6001	2328	1550
6002	2328	1550
6003	2328	1549
6004	2328	1549
6005	2329	1548
6006	2329	1548
6007	2329	1547
6008	2330	1547
6009	2330	1547
6010	2330	1546
6011	2331	1546
6012	2331	1546
6013	2332	1545
6014	2332	1545
6015	2332	1544
6016	2333	1544
6017	2333	1543
6018	2333	1543
6019	2334	1543
6020	2334	1542
6021	2334	1542
6022	2334	1541
6023	2334	1541
6024	2335	1540
6025	2335	1540
6026	2335	1539
6027	2336	1539
6028	2336	1538
6029	2336	1538
6030	2336	1537
6031	2337	1537
6032	2337	1536
6033	2337	1536
6034	2338	1536
6035	2338	1535
6036	2338	1535
6037	2339	1534
6038	2339	1534
6039	2339	1533
6040	2339	1533
6041	2339	1532
6042	2340	1532
6043	2340	1531
6044	2340	1531
6045	2340	1530
6046	2341	1530
6047	2341	1529
6048	2341	1529
6049	2341	1528
6050	2342	1528
6051	2342	1527
6052	2342	1527
6053	2342	1527
6054	2343	1526
6055	2343	1526
6056	2344	1526
6057	2344	1525
6058	2344	1525
6059	2345	1524
6060	2345	1524
6061	2345	1523
6062	2346	1523
6063	2346	1523
6064	2346	1522
6065	2346	1522
6066	2347	1521
6067	2347	1521
6068	2347	1520
6069	2347	1520
6070	2348	1519
6071	2348	1519
6072	2348	1518
6073	2348	1518
6074	2349	1517
6075	2349	1517
6076	2350	1517
6077	2350	1516
6078	2350	1516
6079	2351	1515
6080	2351	1515
6081	2351	1514
6082	2351	1514
6083	2352	1514
6084	2352	1513
6085	2352	1513
6086	2353	1512
6087	2353	1512
6088	2353	1511
6089	2353	1511
6090	2354	1510
6091	2354	1510
6092	2354	1509
6093	2355	1509
6094	2355	1509
6095	2356	1508
6096	2356	1508
6097	2356	1508
6098	2357	1507
6099	2357	1507
6100	2357	1506
6101	2357	1506
6102	2358	1505
6103	2358	1505
6104	2358	1504
6105	2358	1504
6106	2359	1503
6107	2359	1503
6108	2359	1503
6109	2360	1502
6110	2360	1502
6111	2360	1501
6112	2360	1501
6113	2361	1500
6114	2361	1500
6115	2362	1500
6116	2362	1499
6117	2362	1499
6118	2362	1498
6119	2363	1498
6120	2363	1497
6121	2363	1497
6122	2363	1496
6123	2364	1496
6124	2364	1495
6125	2364	1495
6126	2365	1495
6127	2365	1494
6128	2365	1494
6129	2365	1493
6130	2366	1493
6131	2366	1492
6132	2366	1492
6133	2367	1491
6134	2367	1491
6135	2367	1491
6136	2367	1490
6137	2368	1490
6138	2368	1489
6139	2369	1489
6140	2369	1489
6141	2369	1488
6142	2370	1488
6143	2370	1487
6144	2371	1487
6145	2371	1487
6146	2371	1486
6147	2371	1486
6148	2372	1485
6149	2372	1485
6150	2372	1484
6151	2372	1484
6152	2373	1483
6153	2373	1483
6154	2374	1483
6155	2374	1482
6156	2374	1482
6157	2374	1481
6158	2375	1481
6159	2375	1480
6160	2375	1480
6161	2375	1479
6162	2376	1479
6163	2376	1478
6164	2376	1478
6165	2377	1478
6166	2377	1477
6167	2377	1477
6168	2377	1476
6169	2377	1476
6170	2378	1475
6171	2378	1475
6172	2378	1474
6173	2379	1474
6174	2379	1474
6175	2380	1473
6176	2380	1473
6177	2380	1472
6178	2381	1472
6179	2381	1471
6180	2381	1471
6181	2381	1471
6182	2382	1470
6183	2382	1470
6184	2382	1469
6185	2383	1469
6186	2383	1468
6187	2383	1468
6188	2383	1467
6189	2384	1467
6190	2384	1467
6191	2384	1466
6192	2385	1466
6193	2385	1465
6194	2385	1465
6195	2386	1465
6196	2386	1464
6197	2387	1464
6198	2387	1463
6199	2387	1463
6200	2388	1463
6201	2388	1462
6202	2388	1462
6203	2389	1461
6204	2389	1461
6205	2389	1460
6206	2389	1460
6207	2390	1459
6208	2390	1459
6209	2390	1459
6210	2390	1458
6211	2391	1458
6212	2391	1457
6213	2392	1457
6214	2392	1457
6215	2392	1456
6216	2393	1456
6217	2393	1455
6218	2393	1455
6219	2394	1454
6220	2394	1454
6221	2394	1453
6222	2394	1453
6223	2395	1453
6224	2395	1452
6225	2395	1452
6226	2396	1451
6227	2396	1451
6228	2398	1451
6229	2398	1451
6230	2399	1451
6231	2399	1450
6232	2399	1450
6233	2400	1449
6234	2400	1449
6235	2400	1448
6236	2400	1448
6237	2401	1448
6238	2401	1447
6239	2401	1447
6240	2401	1446
6241	2402	1446
6242	2402	1445
6243	2402	1445
6244	2403	1444
6245	2403	1444
6246	2403	1444
6247	2404	1443
6248	2404	1443
6249	2404	1442
6250	2405	1442
6251	2405	1442
6252	2405	1441
6253	2406	1441
6254	2406	1440
6255	2406	1440
6256	2406	1439
6257	2407	1439
6258	2407	1438
6259	2407	1438
6260	2407	1437
6261	2407	1437
6262	2408	1436
6263	2408	1436
6264	2408	1435
6265	2408	1435
6266	2409	1435
6267	2409	1434
6268	2409	1434
6269	2410	1433
6270	2410	1433
6271	2411	1433
6272	2411	1432
6273	2411	1432
6274	2412	1431
6275	2412	1431
6276	2412	1431
6277	2413	1430
6278	2413	1430
6279	2413	1429
6280	2414	1429
6281	2414	1428
6282	2414	1428
6283	2414	1428
6284	2415	1427
6285	2415	1427
6286	2415	1426
6287	2416	1426
6288	2416	1426
6289	2417	1425
6290	2417	1425
6291	2417	1424
6292	2417	1424
6293	2418	1423
6294	2418	1423
6295	2418	1422
6296	2418	1422
6297	2419	1422
6298	2419	1421
6299	2419	1421
6300	2420	1420
6301	2420	1420
6302	2420	1419
6303	2420	1419
6304	2421	1419
6305	2421	1418
6306	2422	1418
6307	2422	1418
6308	2423	1417
6309	2423	1417
6310	2423	1416
6311	2424	1416
6312	2424	1416
6313	2425	1415
6314	2425	1415
6315	2425	1414
6316	2425	1414
6317	2426	1413
6318	2426	1413
6319	2426	1412
6320	2426	1412
6321	2427	1412
6322	2427	1411
6323	2427	1411
6324	2428	1410
6325	2428	1410
6326	2429	1410
6327	2429	1409
6328	2429	1409
6329	2429	1408
6330	2430	1408
6331	2430	1407
6332	2430	1407
6333	2431	1407
6334	2431	1406
6335	2431	1406
6336	2431	1405
6337	2432	1405
6338	2432	1404
6339	2432	1404
6340	2433	1403
6341	2433	1403
6342	2433	1403
6343	2434	1402
6344	2434	1402
6345	2435	1402
6346	2435	1401
6347	2435	1401
6348	2436	1400
6349	2436	1400
6350	2436	1399
6351	2436	1399
6352	2437	1399
6353	2437	1398
6354	2437	1398
6355	2437	1397
6356	2438	1397
6357	2438	1396
6358	2438	1396
6359	2439	1395
6360	2439	1395
6361	2439	1395
6362	2440	1394
6363	2440	1394
6364	2440	1394
6365	2441	1393
6366	2441	1393
6367	2442	1392
6368	2442	1392
6369	2442	1391
6370	2442	1391
6371	2443	1390
6372	2443	1390
6373	2443	1390
6374	2443	1389
6375	2444	1389
6376	2444	1388
6377	2444	1388
6378	2444	1387
6379	2445	1387
6380	2445	1386
6381	2445	1386
6382	2446	1386
6383	2446	1385
6384	2447	1385
6385	2447	1384
6386	2447	1384
6387	2447	1384
6388	2448	1383
6389	2448	1383
6390	2448	1382
6391	2449	1382
6392	2449	1381
6393	2449	1381
6394	2449	1381
6395	2450	1380
6396	2450	1380
6397	2450	1379
6398	2451	1379
6399	2451	1379
6400	2451	1378
6401	2452	1378
6402	2452	1377
6403	2452	1377
6404	2453	1376
6405	2453	1376
6406	2453	1376
6407	2454	1375
6408	2454	1375
6409	2454	1374
6410	2455	1374
6411	2455	1373
6412	2455	1373
6413	2455	1373
6414	2456	1372
6415	2456	1372
6416	2456	1371
6417	2456	1371
6418	2457	1370
6419	2457	1370
6420	2457	1369
6421	2458	1369
6422	2458	1369
6423	2458	1368
6424	2459	1368
6425	2459	1367
6426	2459	1367
6427	2460	1367
6428	2460	1366
6429	2460	1366
6430	2461	1365
6431	2461	1365
6432	2461	1364
6433	2462	1364
6434	2462	1364
6435	2462	1363
6436	2462	1363
6437	2463	1362
6438	2463	1362
6439	2463	1361
6440	2464	1361
6441	2464	1361
6442	2464	1360
6443	2465	1360
6444	2465	1359
6445	2465	1359
6446	2465	1359
6447	2466	1358
6448	2466	1358
6449	2466	1357
6450	2467	1357
6451	2467	1356
6452	2467	1356
6453	2468	1356
6454	2468	1355
6455	2468	1355
6456	2468	1354
6457	2468	1354
6458	2469	1353
6459	2469	1353
6460	2469	1352
6461	2469	1352
6462	2470	1351
6463	2470	1351
6464	2471	1351
6465	2471	1350
6466	2471	1350
6467	2471	1349
6468	2472	1349
6469	2472	1349
6470	2472	1348
6471	2473	1348
6472	2473	1347
6473	2473	1347
6474	2473	1346
6475	2473	1346
6476	2474	1345
6477	2474	1345
6478	2474	1344
6479	2474	1344
6480	2475	1343
6481	2475	1343
6482	2475	1342
6483	2475	1342
6484	2476	1342
6485	2476	1341
6486	2477	1341
6487	2477	1341
6488	2477	1340
6489	2478	1340
6490	2478	1339
6491	2478	1339
6492	2479	1339
6493	2479	1338
6494	2479	1338
6495	2479	1337
6496	2480	1337
6497	2480	1336
6498	2481	1336
6499	2481	1336
6500	2481	1335
6501	2481	1335
6502	2482	1334
6503	2482	1334
6504	2483	1334
6505	2483	1333
6506	2484	1333
6507	2484	1333
6508	2484	1332
6509	2485	1332
6510	2485	1331
6511	2487	1332
6512	2487	1331
6513	2488	1331
6514	2488	1331
6515	2488	1330
6516	2489	1330
6517	2489	1330
6518	2490	1329
6519	2490	1329
6520	2490	1328
6521	2490	1328
6522	2491	1327
6523	2491	1327
6524	2491	1327
6525	2492	1326
6526	2492	1326
6527	2492	1325
6528	2493	1325
6529	2493	1325
6530	2494	1324
6531	2494	1324
6532	2495	1324
6533	2495	1323
6534	2495	1323
6535	2496	1323
6536	2496	1322
6537	2496	1322
6538	2497	1321
6539	2497	1321
6540	2497	1320
6541	2498	1320
6542	2498	1319
6543	2498	1319
6544	2498	1319
6545	2499	1318
6546	2499	1318
6547	2499	1317
6548	2499	1317
6549	2500	1316
6550	2500	1316
6551	2500	1316
6552	2501	1315
6553	2501	1315
6554	2501	1314
6555	2502	1314
6556	2502	1314
6557	2502	1313
6558	2503	1313
6559	2503	1312
6560	2503	1312
6561	2503	1311
6562	2504	1311
6563	2504	1311
6564	2504	1310
6565	2505	1310
6566	2505	1309
6567	2505	1309
6568	2505	1308
6569	2506	1308
6570	2506	1307
6571	2506	1307
6572	2506	1307
6573	2507	1306
6574	2507	1306
6575	2507	1305
6576	2508	1305
6577	2508	1304
6578	2508	1304
6579	2509	1304
6580	2509	1303
6581	2509	1303
6582	2509	1302
6583	2510	1302
6584	2510	1301
6585	2510	1301
6586	2510	1301
6587	2511	1300
6588	2511	1300
6589	2511	1299
6590	2512	1299
6591	2512	1298
6592	2512	1298
6593	2513	1298
6594	2513	1297
6595	2513	1297
6596	2514	1296
6597	2514	1296
6598	2514	1296
6599	2515	1295
6600	2515	1295
6601	2515	1294
6602	2516	1294
6603	2516	1294
6604	2516	1293
6605	2516	1293
6606	2517	1292
6607	2517	1292
6608	2517	1291
6609	2517	1291
6610	2518	1290
6611	2518	1290
6612	2518	1290
6613	2519	1289
6614	2519	1289
6615	2519	1288
6616	2520	1288
6617	2520	1288
6618	2520	1287
6619	2521	1287
6620	2521	1286
6621	2521	1286
6622	2521	1285
6623	2522	1285
6624	2522	1284
6625	2522	1284
6626	2522	1284
6627	2523	1283
6628	2523	1283
6629	2523	1282
6630	2524	1282
6631	2524	1281
6632	2524	1281
6633	2525	1281
6634	2525	1280
6635	2525	1280
6636	2526	1279
6637	2526	1279
6638	2526	1279
6639	2526	1278
6640	2527	1278
6641	2527	1277
6642	2527	1277
6643	2528	1276
6644	2528	1276
6645	2528	1276
6646	2528	1275
6647	2529	1275
6648	2529	1274
6649	2529	1274
6650	2529	1273
6651	2530	1273
6652	2530	1273
6653	2530	1272
6654	2531	1272
6655	2531	1271
6656	2531	1271
6657	2532	1271
6658	2532	1270
6659	2533	1270
6660	2533	1269
6661	2533	1269
6662	2534	1269
6663	2534	1268
6664	2534	1268
6665	2535	1267
6666	2535	1267
6667	2536	1267
6668	2536	1267
6669	2537	1266
6670	2537	1266
6671	2538	1265
6672	2538	1265
6673	2538	1265
6674	2538	1264
6675	2539	1264
6676	2539	1263
6677	2539	1263
6678	2540	1263
6679	2540	1262
6680	2540	1262
6681	2540	1261
6682	2541	1261
6683	2541	1260
6684	2541	1260
6685	2541	1259
6686	2542	1259
6687	2542	1258
6688	2542	1258
6689	2542	1258
6690	2543	1257
6691	2543	1257
6692	2543	1256
6693	2544	1256
6694	2544	1256
6695	2545	1255
6696	2545	1255
6697	2545	1255
6698	2546	1254
6699	2546	1254
6700	2546	1253
6701	2547	1253
6702	2547	1252
6703	2547	1252
6704	2548	1252
6705	2548	1251
6706	2549	1251
6707	2549	1251
6708	2550	1250
6709	2550	1250
6710	2550	1250
6711	2551	1249
6712	2551	1249
6713	2551	1248
6714	2552	1248
6715	2552	1248
6716	2553	1247
6717	2553	1247
6718	2553	1246
6719	2553	1246
6720	2554	1246
6721	2554	1245
6722	2554	1245
6723	2555	1244
6724	2555	1244
6725	2555	1244
6726	2556	1243
6727	2556	1243
6728	2556	1242
6729	2557	1242
6730	2557	1241
6731	2557	1241
6732	2557	1241
6733	2558	1240
6734	2558	1240
6735	2559	1240
6736	2559	1239
6737	2559	1239
6738	2560	1238
6739	2560	1238
6740	2560	1237
6741	2561	1237
6742	2561	1237
6743	2561	1236
6744	2562	1236
6745	2562	1236
6746	2562	1235
6747	2563	1235
6748	2563	1234
6749	2564	1234
6750	2564	1234
6751	2565	1233
6752	2565	1233
6753	2565	1233
6754	2566	1232
6755	2566	1232
6756	2567	1232
6757	2567	1231
6758	2568	1231
6759	2568	1231
6760	2568	1230
6761	2569	1230
6762	2569	1229
6763	2569	1229
6764	2570	1229
6765	2570	1228
6766	2570	1228
6767	2571	1227
6768	2571	1227
6769	2571	1227
6770	2572	1226
6771	2572	1226
6772	2572	1225
6773	2573	1225
6774	2574	1225
6775	2575	1225
6776	2575	1224
6777	2575	1224
6778	2575	1223
6779	2576	1223
6780	2576	1223
6781	2576	1222
6782	2577	1222
6783	2577	1222
6784	2578	1221
6785	2579	1221
6786	2579	1221
6787	2580	1220
6788	2580	1220
6789	2580	1220
6790	2581	1219
6791	2581	1219
6792	2582	1219
6793	2582	1218
6794	2582	1218
6795	2583	1217
6796	2583	1217
6797	2583	1217
6798	2584	1216
6799	2584	1216
6800	2584	1215
6801	2585	1215
6802	2585	1215
6803	2585	1214
6804	2586	1214
6805	2586	1213
6806	2586	1213
6807	2587	1213
6808	2587	1212
6809	2588	1212
6810	2589	1212
6811	2589	1211
6812	2590	1211
6813	2590	1211
6814	2590	1210
6815	2591	1210
6816	2591	1210
6817	2592	1209
6818	2592	1209
6819	2593	1209
6820	2595	1209
6821	2596	1209
6822	2596	1208
6823	2596	1208
6824	2596	1208
6825	2597	1207
6826	2597	1207
6827	2597	1206
6828	2598	1206
6829	2598	1206
6830	2599	1205
6831	2599	1205
6832	2600	1205
6833	2600	1204
6834	2600	1204
6835	2601	1204
6836	2601	1203
6837	2602	1203
6838	2602	1202
6839	2602	1202
6840	2603	1202
6841	2603	1201
6842	2603	1201
6843	2604	1200
6844	2604	1200
6845	2605	1200
6846	2605	1199
6847	2606	1199
6848	2606	1199
6849	2606	1198
6850	2606	1198
6851	2607	1197
6852	2607	1197
6853	2607	1197
6854	2608	1196
6855	2608	1196
6856	2608	1195
6857	2609	1195
6858	2609	1195
6859	2609	1194
6860	2610	1194
6861	2610	1193
6862	2611	1193
6863	2611	1193
6864	2611	1192
6865	2612	1192
6866	2612	1192
6867	2613	1191
6868	2613	1191
6869	2613	1190
6870	2614	1190
6871	2614	1189
6872	2614	1189
6873	2615	1189
6874	2615	1188
6875	2615	1188
6876	2615	1187
6877	2616	1187
6878	2617	1187
6879	2617	1187
6880	2618	1186
6881	2618	1186
6882	2618	1186
6883	2619	1185
6884	2619	1185
6885	2620	1184
6886	2620	1184
6887	2620	1184
6888	2621	1183
6889	2621	1183
6890	2621	1182
6891	2622	1182
6892	2622	1182
6893	2623	1181
6894	2623	1181
6895	2624	1181
6896	2624	1180
6897	2624	1180
6898	2625	1180
6899	2625	1179
6900	2626	1179
6901	2626	1178
6902	2627	1178
6903	2627	1178
6904	2627	1177
6905	2628	1177
6906	2629	1177
6907	2629	1177
6908	2630	1176
6909	2630	1176
6910	2631	1176
6911	2631	1175
6912	2631	1175
6913	2632	1175
6914	2633	1174
6915	2633	1174
6916	2633	1173
6917	2634	1173
6918	2634	1173
6919	2635	1172
6920	2635	1172
6921	2636	1172
6922	2636	1171
6923	2636	1171
6924	2637	1170
6925	2637	1170
6926	2637	1170
6927	2638	1169
6928	2638	1169
6929	2639	1169
6930	2639	1168
6931	2639	1168
6932	2639	1167
6933	2640	1167
6934	2640	1167
6935	2641	1166
6936	2641	1166
6937	2641	1165
6938	2642	1165
6939	2642	1165
6940	2642	1164
6941	2643	1164
6942	2643	1163
6943	2643	1163
6944	2644	1163
6945	2644	1162
6946	2644	1162
6947	2645	1161
6948	2645	1161
6949	2645	1161
6950	2645	1160
6951	2646	1160
6952	2646	1159
6953	2647	1159
6954	2647	1159
6955	2647	1158
6956	2648	1158
6957	2648	1157
6958	2648	1157
6959	2649	1157
6960	2649	1156
6961	2649	1156
6962	2650	1155
6963	2650	1155
6964	2651	1155
6965	2651	1154
6966	2651	1154
6967	2651	1153
6968	2652	1153
6969	2652	1153
6970	2653	1152
6971	2653	1152
6972	2654	1152
6973	2654	1151
6974	2655	1151
6975	2656	1151
6976	2656	1151
6977	2656	1150
6978	2657	1150
6979	2657	1149
6980	2657	1149
6981	2657	1148
6982	2658	1148
6983	2658	1148
6984	2659	1147
6985	2659	1147
6986	2660	1147
6987	2660	1146
6988	2660	1146
6989	2661	1145
6990	2661	1145
6991	2661	1145
6992	2662	1144
6993	2662	1144
6994	2662	1143
6995	2663	1143
6996	2663	1143
6997	2663	1142
6998	2663	1142
6999	2664	1141
7000	2664	1141
7001	2664	1140
7002	2664	1140
7003	2665	1140
7004	2665	1139
7005	2666	1139
7006	2666	1138
7007	2666	1138
7008	2666	1138
7009	2667	1137
7010	2667	1137
7011	2667	1136
7012	2668	1136
7013	2668	1136
7014	2668	1135
7015	2668	1135
7016	2669	1134
7017	2669	1134
7018	2669	1133
7019	2670	1133
7020	2670	1133
7021	2671	1132
7022	2671	1132
7023	2671	1132
7024	2672	1131
7025	2672	1131
7026	2673	1130
7027	2673	1130
7028	2673	1130
7029	2674	1129
7030	2674	1129
7031	2675	1129
7032	2675	1128
7033	2675	1128
7034	2676	1127
7035	2676	1127
7036	2676	1127
7037	2677	1126
7038	2677	1126
7039	2678	1126
7040	2678	1125
7041	2678	1125
7042	2679	1124
7043	2679	1124
7044	2680	1124
7045	2680	1123
7046	2680	1123
7047	2681	1122
7048	2681	1122
7049	2681	1122
7050	2681	1121
7051	2682	1121
7052	2682	1120
7053	2682	1120
7054	2682	1119
7055	2683	1119
7056	2684	1119
7057	2684	1119
7058	2685	1118
7059	2685	1118
7060	2686	1118
7061	2686	1117
7062	2686	1117
7063	2686	1116
7064	2687	1116
7065	2687	1115
7066	2687	1115
7067	2687	1115
7068	2688	1114
7069	2688	1114
7070	2688	1113
7071	2688	1113
7072	2689	1112
7073	2689	1112
7074	2690	1112
7075	2690	1111
7076	2690	1111
7077	2691	1111
7078	2691	1110
7079	2691	1110
7080	2692	1109
7081	2692	1109
7082	2692	1108
7083	2693	1108
7084	2693	1108
7085	2693	1107
7086	2693	1107
7087	2694	1106
7088	2694	1106
7089	2694	1106
7090	2694	1105
7091	2695	1105
7092	2696	1104
7093	2696	1104
7094	2696	1104
7095	2697	1103
7096	2697	1103
7097	2697	1103
7098	2698	1102
7099	2698	1102
7100	2698	1101
7101	2699	1101
7102	2699	1100
7103	2699	1100
7104	2699	1100
7105	2700	1099
7106	2700	1099
7107	2700	1098
7108	2700	1098
7109	2701	1097
7110	2701	1097
7111	2702	1097
7112	2702	1096
7113	2702	1096
7114	2703	1096
7115	2703	1095
7116	2703	1095
7117	2704	1094
7118	2704	1094
7119	2704	1094
7120	2704	1093
7121	2705	1093
7122	2705	1092
7123	2705	1092
7124	2706	1091
7125	2706	1091
7126	2706	1091
7127	2706	1090
7128	2707	1090
7129	2707	1089
7130	2708	1089
7131	2708	1089
7132	2708	1088
7133	2709	1088
7134	2709	1087
7135	2709	1087
7136	2709	1087
7137	2710	1086
7138	2710	1086
7139	2710	1085
7140	2711	1085
7141	2711	1085
7142	2711	1084
7143	2712	1084
7144	2712	1083
7145	2712	1083
7146	2713	1083
7147	2713	1082
7148	2714	1082
7149	2714	1082
7150	2715	1081
7151	2715	1081
7152	2716	1081
7153	2716	1080
7154	2716	1080
7155	2717	1079
7156	2717	1079
7157	2718	1079
7158	2718	1078
7159	2718	1078
7160	2718	1077
7161	2719	1077
7162	2719	1077
7163	2720	1076
7164	2720	1076
7165	2720	1076
7166	2721	1075
7167	2721	1075
7168	2721	1074
7169	2722	1074
7170	2722	1074
7171	2722	1073
7172	2723	1073
7173	2723	1072
7174	2723	1072
7175	2723	1071
7176	2724	1071
7177	2724	1071
7178	2724	1070
7179	2725	1070
7180	2725	1069
7181	2725	1069
7182	2726	1069
7183	2726	1068
7184	2727	1068
7185	2727	1067
7186	2727	1067
7187	2727	1067
7188	2728	1066
7189	2728	1066
7190	2728	1065
7191	2729	1065
7192	2729	1065
7193	2729	1064
7194	2729	1064
7195	2730	1063
7196	2730	1063
7197	2730	1062
7198	2731	1062
7199	2731	1062
7200	2731	1061
7201	2732	1061
7202	2732	1061
7203	2733	1060
7204	2733	1060
7205	2733	1059
7206	2734	1059
7207	2734	1059
7208	2734	1058
7209	2735	1058
7210	2735	1058
7211	2735	1057
7212	2736	1057
7213	2736	1056
7214	2736	1056
7215	2737	1056
7216	2737	1055
7217	2737	1055
7218	2738	1054
7219	2738	1054
7220	2739	1054
7221	2739	1053
7222	2740	1053
7223	2740	1053
7224	2741	1052
7225	2741	1052
7226	2741	1051
7227	2742	1051
7228	2742	1051
7229	2742	1050
7230	2742	1050
7231	2743	1049
7232	2743	1049
7233	2744	1049
7234	2744	1048
7235	2745	1048
7236	2745	1048
7237	2745	1047
7238	2746	1047
7239	2746	1047
7240	2747	1046
7241	2747	1046
7242	2748	1046
7243	2748	1045
7244	2748	1045
7245	2749	1044
7246	2749	1044
7247	2750	1044
7248	2750	1043
7249	2751	1043
7250	2751	1043
7251	2752	1042
7252	2752	1042
7253	2752	1042
7254	2753	1041
7255	2753	1041
7256	2754	1041
7257	2754	1040
7258	2754	1040
7259	2755	1039
7260	2755	1039
7261	2755	1039
7262	2756	1038
7263	2756	1038
7264	2757	1038
7265	2757	1037
7266	2758	1037
7267	2758	1036
7268	2759	1036
7269	2759	1036
7270	2759	1035
7271	2759	1035
7272	2760	1034
7273	2760	1034
7274	2761	1034
7275	2761	1033
7276	2761	1033
7277	2761	1032
7278	2762	1032
7279	2762	1032
7280	2763	1031
7281	2763	1031
7282	2763	1031
7283	2764	1030
7284	2764	1030
7285	2764	1029
7286	2765	1029
7287	2765	1029
7288	2765	1028
7289	2766	1028
7290	2766	1027
7291	2766	1027
7292	2767	1027
7293	2767	1026
7294	2770	1027
7295	2770	1026
7296	2771	1026
7297	2771	1026
7298	2771	1025
7299	2772	1025
7300	2772	1024
7301	2772	1024
7302	2773	1024
7303	2773	1023
7304	2773	1023
7305	2773	1022
7306	2774	1022
7307	2774	1022
7308	2775	1021
7309	2775	1021
7310	2775	1021
7311	2776	1020
7312	2776	1020
7313	2776	1019
7314	2777	1019
7315	2777	1018
7316	2777	1018
7317	2778	1018
7318	2778	1017
7319	2778	1017
7320	2778	1016
7321	2779	1016
7322	2779	1016
7323	2779	1015
7324	2780	1015
7325	2780	1014
7326	2781	1014
7327	2781	1014
7328	2782	1013
7329	2782	1013
7330	2782	1013
7331	2782	1012
7332	2783	1012
7333	2783	1011
7334	2784	1011
7335	2784	1011
7336	2784	1010
7337	2784	1010
7338	2785	1009
7339	2785	1009
7340	2785	1009
7341	2786	1008
7342	2787	1008
7343	2787	1008
7344	2788	1007
7345	2788	1007
7346	2788	1007
7347	2789	1006
7348	2789	1006
7349	2789	1005
7350	2790	1005
7351	2790	1005
7352	2790	1004
7353	2791	1004
7354	2791	1003
7355	2791	1003
7356	2791	1002
7357	2792	1002
7358	2792	1002
7359	2792	1001
7360	2793	1001
7361	2794	1001
7362	2794	1000
7363	2795	1000
7364	2795	1000
7365	2796	999
7366	2796	999
7367	2796	999
7368	2797	998
7369	2797	998
7370	2797	997
7371	2798	997
7372	2798	997
7373	2799	996
7374	2799	996
7375	2799	995
7376	2799	995
7377	2800	995
7378	2800	994
7379	2801	994
7380	2801	994
7381	2801	993
7382	2802	993
7383	2802	992
7384	2802	992
7385	2803	992
7386	2803	991
7387	2803	991
7388	2804	990
7389	2804	990
7390	2804	990
7391	2805	989
7392	2805	989
7393	2806	989
7394	2806	988
7395	2807	988
7396	2807	987
7397	2807	987
7398	2808	987
7399	2808	986
7400	2808	986
7401	2809	985
7402	2809	985
7403	2809	985
7404	2810	984
7405	2810	984
7406	2810	983
7407	2811	983
7408	2811	983
7409	2811	982
7410	2812	982
7411	2812	982
7412	2812	981
7413	2813	981
7414	2813	980
7415	2813	980
7416	2814	980
7417	2814	979
7418	2814	979
7419	2814	978
7420	2815	978
7421	2815	977
7422	2815	977
7423	2816	977
7424	2816	976
7425	2816	976
7426	2817	976
7427	2817	975
7428	2818	975
7429	2818	974
7430	2818	974
7431	2819	974
7432	2819	973
7433	2819	973
7434	2819	972
7435	2820	972
7436	2820	972
7437	2820	971
7438	2821	971
7439	2821	970
7440	2821	970
7441	2822	970
7442	2822	969
7443	2822	969
7444	2823	968
7445	2823	968
7446	2823	968
7447	2824	967
7448	2824	967
7449	2824	966
7450	2825	966
7451	2825	966
7452	2825	965
7453	2825	965
7454	2826	964
7455	2826	964
7456	2826	963
7457	2826	963
7458	2827	963
7459	2827	962
7460	2827	962
7461	2827	961
7462	2828	961
7463	2828	961
7464	2828	960
7465	2829	960
7466	2829	959
7467	2830	959
7468	2830	959
7469	2830	958
7470	2831	958
7471	2831	957
7472	2831	957
7473	2831	957
7474	2832	956
7475	2832	956
7476	2832	955
7477	2833	955
7478	2833	955
7479	2833	954
7480	2833	954
7481	2834	953
7482	2834	953
7483	2835	953
7484	2835	952
7485	2835	952
7486	2836	951
7487	2836	951
7488	2836	951
7489	2837	950
7490	2837	950
7491	2837	949
7492	2837	949
7493	2838	949
7494	2838	948
7495	2838	948
7496	2839	947
7497	2839	947
7498	2840	947
7499	2840	946
7500	2840	946
7501	2841	946
7502	2841	945
7503	2842	945
7504	2842	945
7505	2842	944
7506	2843	944
7507	2843	943
7508	2844	943
7509	2844	943
7510	2844	942
7511	2845	942
7512	2845	941
7513	2845	941
7514	2846	941
7515	2846	940
7516	2847	940
7517	2848	940
7518	2849	940
7519	2849	939
7520	2849	939
7521	2850	938
7522	2850	938
7523	2850	938
7524	2851	937
7525	2851	937
7526	2851	936
7527	2851	936
7528	2852	936
7529	2852	935
7530	2852	935
7531	2853	934
7532	2854	934
7533	2854	934
7534	2854	933
7535	2855	933
7536	2855	933
7537	2855	932
7538	2856	932
7539	2856	931
7540	2856	931
7541	2856	931
7542	2857	930
7543	2857	930
7544	2857	929
7545	2858	929
7546	2858	929
7547	2859	928
7548	2859	928
7549	2859	928
7550	2860	927
7551	2860	927
7552	2860	926
7553	2861	926
7554	2861	926
7555	2862	925
7556	2862	925
7557	2862	924
7558	2863	924
7559	2863	924
7560	2864	924
7561	2865	923
7562	2865	923
7563	2866	923
7564	2866	922
7565	2866	922
7566	2867	921
7567	2867	921
7568	2867	921
7569	2868	920
7570	2868	920
7571	2868	919
7572	2869	919
7573	2869	919
7574	2869	918
7575	2871	918
7576	2871	918
7577	2872	917
7578	2872	917
7579	2872	917
7580	2873	916
7581	2873	916
7582	2873	915
7583	2874	915
7584	2874	915
7585	2874	914
7586	2875	914
7587	2875	914
7588	2876	913
7589	2876	913
7590	2877	913
7591	2877	912
7592	2877	912
7593	2878	911
7594	2878	911
7595	2879	911
7596	2879	910
7597	2879	910
7598	2880	909
7599	2880	909
7600	2880	909
7601	2880	908
7602	2881	908
7603	2881	907
7604	2881	907
7605	2882	907
7606	2882	906
7607	2882	906
7608	2883	906
7609	2883	905
7610	2884	905
7611	2884	904
7612	2884	904
7613	2885	904
7614	2885	903
7615	2885	903
7616	2885	902
7617	2886	902
7618	2886	902
7619	2886	901
7620	2887	901
7621	2887	900
7622	2887	900
7623	2887	900
7624	2888	899
7625	2888	899
7626	2889	899
7627	2890	898
7628	2890	898
7629	2891	898
7630	2891	897
7631	2891	897
7632	2892	896
7633	2892	896
7634	2892	896
7635	2893	895
7636	2893	895
7637	2893	894
7638	2894	894
7639	2894	894
7640	2895	893
7641	2895	893
7642	2895	893
7643	2896	892
7644	2896	892
7645	2896	891
7646	2897	891
7647	2897	891
7648	2897	890
7649	2897	890
7650	2898	889
7651	2898	889
7652	2898	888
7653	2898	888
7654	2899	888
7655	2899	887
7656	2899	887
7657	2899	886
7658	2899	886
7659	2900	885
7660	2900	885
7661	2901	885
7662	2901	884
7663	2902	884
7664	2902	884
7665	2902	883
7666	2903	883
7667	2903	883
7668	2903	882
7669	2904	882
7670	2904	881
7671	2904	881
7672	2905	881
7673	2905	880
7674	2905	880
7675	2906	879
7676	2906	879
7677	2907	879
7678	2907	878
7679	2908	878
7680	2908	878
7681	2909	877
7682	2909	877
7683	2909	877
7684	2910	876
7685	2910	876
7686	2910	875
7687	2910	875
7688	2911	874
7689	2911	874
7690	2911	874
7691	2911	873
7692	2912	873
7693	2912	872
7694	2913	872
7695	2913	872
7696	2914	871
7697	2914	871
7698	2914	871
7699	2915	870
7700	2915	870
7701	2916	870
7702	2916	869
7703	2916	869
7704	2917	868
7705	2917	868
7706	2917	868
7707	2918	867
7708	2919	867
7709	2919	867
7710	2920	866
7711	2920	866
7712	2920	866
7713	2921	865
7714	2921	865
7715	2922	864
7716	2922	864
7717	2922	864
7718	2923	863
7719	2923	863
7720	2925	863
7721	2925	863
7722	2926	862
7723	2926	862
7724	2926	861
7725	2927	861
7726	2927	861
7727	2927	860
7728	2928	860
7729	2928	860
7730	2929	859
7731	2929	859
7732	2929	858
7733	2930	858
7734	2930	858
7735	2931	857
7736	2931	857
7737	2932	857
7738	2932	856
7739	2932	856
7740	2933	855
7741	2933	855
7742	2933	855
7743	2934	854
7744	2934	854
7745	2934	854
7746	2935	853
7747	2935	853
7748	2936	853
7749	2937	852
7750	2937	852
7751	2937	851
7752	2938	851
7753	2938	851
7754	2938	850
7755	2939	850
7756	2939	849
7757	2939	849
7758	2940	849
7759	2940	848
7760	2940	848
7761	2940	847
7762	2941	847
7763	2941	847
7764	2941	846
7765	2941	846
7766	2942	845
7767	2942	845
7768	2943	845
7769	2944	845
7770	2944	844
7771	2945	844
7772	2945	843
7773	2945	843
7774	2946	843
7775	2946	842
7776	2946	842
7777	2947	841
7778	2947	841
7779	2948	841
7780	2948	840
7781	2948	840
7782	2949	840
7783	2949	839
7784	2950	839
7785	2950	839
7786	2951	838
7787	2951	838
7788	2952	838
7789	2952	837
7790	2952	837
7791	2953	836
7792	2953	836
7793	2953	835
7794	2953	835
7795	2954	835
7796	2954	834
7797	2955	834
7798	2955	834
7799	2956	833
7800	2956	833
7801	2957	833
7802	2957	832
7803	2958	832
7804	2958	832
7805	2958	831
7806	2959	831
7807	2959	830
7808	2959	830
7809	2959	829
7810	2960	829
7811	2960	829
7812	2961	828
7813	2961	828
7814	2962	828
7815	2963	827
7816	2963	827
7817	2963	827
7818	2964	826
7819	2964	826
7820	2965	826
7821	2965	825
7822	2965	825
7823	2966	825
7824	2966	824
7825	2967	824
7826	2967	823
7827	2968	823
7828	2968	823
7829	2969	822
7830	2969	822
7831	2969	822
7832	2970	821
7833	2970	821
7834	2970	820
7835	2971	820
7836	2971	820
7837	2972	819
7838	2972	819
7839	2972	819
7840	2973	818
7841	2973	818
7842	2974	817
7843	2974	817
7844	2975	817
7845	2975	816
7846	2976	816
7847	2976	816
7848	2977	815
7849	2977	815
7850	2977	815
7851	2978	814
7852	2978	814
7853	2978	813
7854	2980	813
7855	2980	813
7856	2981	813
7857	2981	812
7858	2981	812
7859	2982	811
7860	2982	811
7861	2983	811
7862	2983	810
7863	2983	810
7864	2984	810
7865	2984	809
7866	2985	809
7867	2985	809
7868	2986	808
7869	2986	808
7870	2987	808
7871	2987	807
7872	2987	807
7873	2988	806
7874	2988	806
7875	2988	806
7876	2989	805
7877	2989	805
7878	2989	804
7879	2990	804
7880	2990	804
7881	2990	803
7882	2990	803
7883	2991	802
7884	2991	802
7885	2992	802
7886	2993	801
7887	2993	801
7888	2993	801
7889	2994	800
7890	2994	800
7891	2994	799
7892	2995	799
7893	2995	799
7894	2995	798
7895	2996	798
7896	2996	797
7897	2997	797
7898	2997	797
7899	2998	796
7900	2998	796
7901	2999	796
7902	2999	795
7903	3000	795
7904	3000	795
7905	3001	794
7906	3001	794
7907	3002	794
7908	3002	793
7909	3002	793
7910	3003	793
7911	3003	792
7912	3004	792
7913	3005	792
7914	3005	791
7915	3006	791
7916	3006	791
7917	3006	790
7918	3007	790
7919	3007	789
7920	3007	789
7921	3007	789
7922	3008	788
7923	3008	788
7924	3008	787
7925	3009	787
7926	3009	787
7927	3009	786
7928	3010	786
7929	3010	785
7930	3011	785
7931	3012	785
7932	3013	785
7933	3013	784
7934	3014	784
7935	3014	784
7936	3014	783
7937	3015	783
7938	3015	782
7939	3015	782
7940	3016	782
7941	3016	781
7942	3017	781
7943	3017	781
7944	3018	780
7945	3018	780
7946	3018	779
7947	3019	779
7948	3019	779
7949	3019	778
7950	3019	778
7951	3020	777
7952	3020	777
7953	3020	777
7954	3021	776
7955	3021	776
7956	3022	775
7957	3022	775
7958	3023	775
7959	3024	775
7960	3024	774
7961	3025	774
7962	3025	773
7963	3025	773
7964	3026	773
7965	3026	772
7966	3027	772
7967	3027	772
7968	3027	771
7969	3027	771
7970	3028	770
7971	3028	770
7972	3029	770
7973	3029	769
7974	3029	769
7975	3030	768
7976	3030	768
7977	3030	768
7978	3031	767
7979	3031	767
7980	3031	766
7981	3032	766
7982	3032	766
7983	3032	765
7984	3032	765
7985	3033	764
7986	3033	764
7987	3033	764
7988	3034	763
7989	3034	763
7990	3034	762
7991	3035	762
7992	3035	762
7993	3036	761
7994	3036	761
7995	3036	761
7996	3037	760
7997	3037	760
7998	3037	759
7999	3038	759
8000	3038	759
8001	3039	758
8002	3039	758
8003	3039	758
8004	3040	757
8005	3040	757
8006	3041	756
8007	3041	756
8008	3041	756
8009	3042	755
8010	3042	755
8011	3043	755
8012	3043	754
8013	3043	754
8014	3043	753
8015	3044	753
8016	3044	753
8017	3044	752
8018	3044	752
8019	3045	751
8020	3045	751
8021	3045	750
8022	3045	750
8023	3046	750
8024	3046	749
8025	3046	749
8026	3047	748
8027	3047	748
8028	3047	748
8029	3048	747
8030	3048	747
8031	3048	746
8032	3048	746
8033	3049	746
8034	3049	745
8035	3049	745
8036	3049	744
8037	3050	744
8038	3050	744
8039	3050	743
8040	3050	743
8041	3051	742
8042	3051	742
8043	3051	742
8044	3051	741
8045	3052	741
8046	3052	740
8047	3052	740
8048	3052	739
8049	3053	739
8050	3053	739
8051	3053	738
8052	3054	738
8053	3054	738
8054	3055	737
8055	3055	737
8056	3055	736
8057	3056	736
8058	3056	736
8059	3056	735
8060	3057	735
8061	3057	734
8062	3057	734
8063	3057	734
8064	3058	733
8065	3058	733
8066	3058	732
8067	3058	732
8068	3059	732
8069	3059	731
8070	3060	731
8071	3060	730
8072	3060	730
8073	3061	730
8074	3061	729
8075	3061	729
8076	3062	729
8077	3062	728
8078	3062	728
8079	3062	727
8080	3063	727
8081	3063	727
8082	3063	726
8083	3064	726
8084	3064	725
8085	3064	725
8086	3064	724
8087	3065	724
8088	3065	724
8089	3065	723
8090	3066	723
8091	3066	723
8092	3067	722
8093	3067	722
8094	3067	721
8095	3068	721
8096	3068	721
8097	3068	720
8098	3069	720
8099	3069	720
8100	3069	719
8101	3070	719
8102	3070	718
8103	3072	718
8104	3072	718
8105	3073	718
8106	3073	717
8107	3073	717
8108	3074	716
8109	3074	716
8110	3074	716
8111	3075	715
8112	3075	715
8113	3075	714
8114	3075	714
8115	3076	714
8116	3076	713
8117	3076	713
8118	3077	712
8119	3077	712
8120	3077	712
8121	3078	711
8122	3078	711
8123	3079	711
8124	3079	710
8125	3079	710
8126	3080	709
8127	3080	709
8128	3080	709
8129	3080	708
8130	3080	708
8131	3081	707
8132	3081	707
8133	3081	707
8134	3082	706
8135	3082	706
8136	3082	705
8137	3082	705
8138	3083	704
8139	3083	704
8140	3084	704
8141	3085	704
8142	3086	703
8143	3086	703
8144	3086	703
8145	3087	702
8146	3087	702
8147	3087	701
8148	3087	701
8149	3088	700
8150	3088	700
8151	3088	700
8152	3088	699
8153	3089	699
8154	3089	698
8155	3091	698
8156	3091	698
8157	3092	698
8158	3092	697
8159	3093	697
8160	3093	697
8161	3093	696
8162	3094	696
8163	3094	695
8164	3095	695
8165	3096	695
8166	3096	694
8167	3097	694
8168	3097	694
8169	3097	693
8170	3098	693
8171	3098	693
8172	3099	692
8173	3099	692
8174	3099	691
8175	3100	691
8176	3100	691
8177	3100	690
8178	3101	690
8179	3101	690
8180	3101	689
8181	3102	689
8182	3103	689
8183	3103	688
8184	3103	688
8185	3104	687
8186	3104	687
8187	3104	687
8188	3104	686
8189	3105	686
8190	3105	685
8191	3105	685
8192	3106	685
8193	3107	684
8194	3107	684
8195	3107	683
8196	3108	683
8197	3108	683
8198	3109	682
8199	3109	682
8200	3110	682
8201	3110	681
8202	3110	681
8203	3111	681
8204	3111	680
8205	3111	680
8206	3112	679
8207	3112	679
8208	3112	679
8209	3113	678
8210	3113	678
8211	3113	677
8212	3114	677
8213	3115	677
8214	3115	677
8215	3115	676
8216	3116	676
8217	3116	675
8218	3116	675
8219	3117	674
8220	3117	674
8221	3117	674
8222	3117	673
8223	3118	673
8224	3118	672
8225	3118	672
8226	3118	672
8227	3119	671
8228	3119	671
8229	3119	670
8230	3119	670
8231	3120	670
8232	3121	669
8233	3121	669
8234	3121	669
8235	3122	668
8236	3122	668
8237	3122	667
8238	3123	667
8239	3123	667
8240	3123	666
8241	3124	666
8242	3124	665
8243	3124	665
8244	3125	665
8245	3125	664
8246	3125	664
8247	3126	664
8248	3127	663
8249	3127	663
8250	3128	663
8251	3128	662
8252	3128	662
8253	3128	661
8254	3129	661
8255	3129	661
8256	3129	660
8257	3129	660
8258	3130	659
8259	3130	659
8260	3130	659
8261	3131	658
8262	3131	658
8263	3131	657
8264	3131	657
8265	3132	657
8266	3132	656
8267	3133	656
8268	3133	655
8269	3133	655
8270	3134	655
8271	3134	654
8272	3134	654
8273	3135	654
8274	3135	653
8275	3135	653
8276	3135	652
8277	3136	652
8278	3136	651
8279	3136	651
8280	3136	651
8281	3137	650
8282	3137	650
8283	3137	649
8284	3137	649
8285	3138	649
8286	3138	648
8287	3138	648
8288	3139	647
8289	3139	647
8290	3140	647
8291	3140	646
8292	3140	646
8293	3140	646
8294	3141	645
8295	3141	645
8296	3141	644
8297	3141	644
8298	3142	644
8299	3142	643
8300	3142	643
8301	3143	642
8302	3143	642
8303	3143	642
8304	3144	641
8305	3144	641
8306	3145	641
8307	3145	640
8308	3145	640
8309	3146	639
8310	3146	639
8311	3146	639
8312	3147	638
8313	3147	638
8314	3147	637
8315	3148	637
8316	3148	637
8317	3148	636
8318	3148	636
8319	3149	635
8320	3149	635
8321	3149	635
8322	3149	634
8323	3150	634
8324	3150	633
8325	3151	633
8326	3152	633
8327	3152	632
8328	3153	632
8329	3153	632
8330	3153	631
8331	3154	631
8332	3154	631
8333	3154	630
8334	3155	630
8335	3155	629
8336	3155	629
8337	3155	629
8338	3156	628
8339	3156	628
8340	3157	627
8341	3157	627
8342	3158	627
8343	3158	626
8344	3158	626
8345	3159	626
8346	3159	625
8347	3159	625
8348	3160	624
8349	3160	624
8350	3160	624
8351	3160	623
8352	3161	623
8353	3161	622
8354	3161	622
8355	3161	622
8356	3162	621
8357	3162	621
8358	3162	620
8359	3163	620
8360	3164	620
8361	3164	619
8362	3165	619
8363	3165	619
8364	3166	618
8365	3166	618
8366	3167	618
8367	3167	617
8368	3167	617
8369	3168	616
8370	3168	616
8371	3168	616
8372	3169	615
8373	3169	615
8374	3169	615
8375	3170	614
8376	3170	614
8377	3170	613
8378	3171	613
8379	3171	613
8380	3171	612
8381	3172	612
8382	3172	611
8383	3172	611
8384	3172	611
8385	3173	610
8386	3173	610
8387	3173	609
8388	3174	609
8389	3174	609
8390	3174	608
8391	3176	608
8392	3176	608
8393	3177	607
8394	3177	607
8395	3178	607
8396	3178	606
8397	3178	606
8398	3179	606
8399	3180	605
8400	3180	605
8401	3181	605
8402	3181	604
8403	3182	604
8404	3183	604
8405	3183	603
8406	3183	603
8407	3184	602
8408	3184	602
8409	3184	602
8410	3185	601
8411	3185	601
8412	3185	600
8413	3186	600
8414	3186	600
8415	3186	599
8416	3186	599
8417	3187	598
8418	3187	598
8419	3188	598
8420	3188	597
8421	3189	597
8422	3189	597
8423	3190	596
8424	3190	596
8425	3190	596
8426	3190	595
8427	3191	595
8428	3191	594
8429	3192	594
8430	3192	594
8431	3193	593
8432	3193	593
8433	3194	593
8434	3194	592
8435	3195	592
8436	3195	591
8437	3195	591
8438	3196	591
8439	3196	590
8440	3196	590
8441	3197	590
8442	3197	589
8443	3197	589
8444	3198	588
8445	3198	588
8446	3198	588
8447	3199	587
8448	3199	587
8449	3200	587
8450	3200	586
8451	3201	586
8452	3201	585
8453	3201	585
8454	3202	585
8455	3202	584
8456	3202	584
8457	3202	583
8458	3203	583
8459	3203	583
8460	3204	582
8461	3204	582
8462	3204	582
8463	3205	581
8464	3207	581
8465	3208	581
8466	3209	581
8467	3209	580
8468	3209	580
8469	3210	579
8470	3210	579
8471	3210	579
8472	3211	578
8473	3212	578
8474	3213	578
8475	3213	577
8476	3214	577
8477	3214	577
8478	3214	576
8479	3215	576
8480	3215	575
8481	3215	575
8482	3216	575
8483	3216	574
8484	3216	574
8485	3217	573
8486	3217	573
8487	3217	573
8488	3218	572
8489	3218	572
8490	3218	572
8491	3219	571
8492	3219	571
8493	3220	570
8494	3220	570
8495	3220	570
8496	3221	569
8497	3221	569
8498	3222	569
8499	3222	568
8500	3222	568
8501	3228	568
8502	3228	568
8503	3229	568
8504	3229	567
8505	3231	567
8506	3232	567
8507	3233	566
8508	3233	566
8509	3234	566
8510	3234	565
8511	3235	565
8512	3236	565
8513	3239	565
8514	3241	565
8515	3242	565
8516	3244	564
8517	3244	564
8518	3245	564
8519	3245	563
8520	3246	563
8521	3246	563
8522	3247	562
8523	3248	562
8524	3251	562
8525	3253	562
8526	3253	562
8527	3254	561
8528	3256	561
8529	3257	561
8530	3257	560
8531	3258	560
8532	3259	560
8533	3259	559
8534	3260	559
8535	3260	559
8536	3261	558
8537	3262	558
8538	3263	558
8539	3263	557
8540	3264	557
8541	3264	557
8542	3264	556
8543	3265	556
8544	3265	556
8545	3268	556
8546	3268	555
8547	3268	555
8548	3269	554
8549	3269	554
8550	3269	554
8551	3270	553
8552	3270	553
8553	3270	552
8554	3270	552
8555	3271	552
8556	3271	551
8557	3271	551
8558	3272	550
8559	3272	550
8560	3272	550
8561	3272	549
8562	3273	549
8563	3273	548
8564	3274	548
8565	3275	548
8566	3275	547
8567	3276	547
8568	3276	547
8569	3277	546
8570	3277	546
8571	3277	546
8572	3278	545
8573	3278	545
8574	3279	544
8575	3279	544
8576	3279	544
8577	3280	543
8578	3280	543
8579	3281	543
8580	3281	542
8581	3281	542
8582	3282	541
8583	3282	541
8584	3283	541
8585	3283	540
8586	3283	540
8587	3284	539
8588	3284	539
8589	3285	539
8590	3285	538
8591	3285	538
8592	3286	538
8593	3287	537
8594	3287	537
8595	3288	537
8596	3288	536
8597	3289	536
8598	3289	535
8599	3290	535
8600	3290	535
8601	3291	534
8602	3291	534
8603	3291	534
8604	3292	533
8605	3292	533
8606	3293	533
8607	3293	532
8608	3294	532
8609	3294	531
8610	3294	531
8611	3295	531
8612	3295	530
8613	3295	530
8614	3296	529
8615	3296	529
8616	3296	529
8617	3297	528
8618	3297	528
8619	3297	527
8620	3298	527
8621	3298	527
8622	3299	526
8623	3300	526
8624	3300	526
8625	3300	525
8626	3300	525
8627	3301	524
8628	3301	524
8629	3301	524
8630	3302	523
8631	3302	523
8632	3302	523
8633	3303	522
8634	3303	522
8635	3304	521
8636	3304	521
8637	3305	521
8638	3305	520
8639	3306	520
8640	3306	520
8641	3307	519
8642	3307	519
8643	3307	518
8644	3307	518
8645	3308	518
8646	3308	517
8647	3308	517
8648	3309	516
8649	3309	516
8650	3309	516
8651	3309	515
8652	3310	515
8653	3311	514
8654	3311	514
8655	3311	514
8656	3312	513
8657	3312	513
8658	3312	513
8659	3312	512
8660	3313	512
8661	3313	511
8662	3313	511
8663	3314	511
8664	3314	510
8665	3314	510
8666	3314	509
8667	3315	509
8668	3315	509
8669	3315	508
8670	3315	508
8671	3316	507
8672	3317	507
8673	3318	507
8674	3318	506
8675	3318	506
8676	3319	506
8677	3319	505
8678	3319	505
8679	3319	504
8680	3320	504
8681	3320	504
8682	3320	503
8683	3321	503
8684	3321	502
8685	3321	502
8686	3322	502
8687	3322	501
8688	3322	501
8689	3323	501
8690	3323	500
8691	3324	500
8692	3324	499
8693	3324	499
8694	3325	499
8695	3325	498
8696	3325	498
8697	3326	497
8698	3326	497
8699	3327	497
8700	3327	496
8701	3327	496
8702	3327	495
8703	3328	495
8704	3328	495
8705	3328	494
8706	3329	494
8707	3329	493
8708	3330	493
8709	3330	493
8710	3331	492
8711	3331	492
8712	3331	492
8713	3332	491
8714	3332	491
8715	3332	490
8716	3333	490
8717	3333	490
8718	3333	489
8719	3334	489
8720	3334	489
8721	3335	488
8722	3335	488
8723	3336	487
8724	3336	487
8725	3336	487
8726	3337	486
8727	3337	486
8728	3337	485
8729	3337	485
8730	3338	485
8731	3338	484
8732	3338	484
8733	3339	484
8734	3339	483
8735	3339	483
8736	3339	482
8737	3340	482
8738	3340	482
8739	3341	481
8740	3342	481
8741	3342	481
8742	3343	480
8743	3343	480
8744	3343	479
8745	3344	479
8746	3344	479
8747	3344	478
8748	3345	478
8749	3345	477
8750	3345	477
8751	3345	477
8752	3346	476
8753	3346	476
8754	3347	475
8755	3347	475
8756	3348	475
8757	3348	474
8758	3348	474
8759	3349	474
8760	3349	473
8761	3349	473
8762	3350	472
8763	3350	472
8764	3351	472
8765	3351	471
8766	3351	471
8767	3352	470
8768	3352	470
8769	3353	470
8770	3353	469
8771	3354	469
8772	3354	469
8773	3354	468
8774	3355	468
8775	3355	468
8776	3355	467
8777	3356	467
8778	3356	466
8779	3356	466
8780	3356	466
8781	3357	465
8782	3357	465
8783	3357	464
8784	3357	464
8785	3358	464
8786	3358	463
8787	3358	463
8788	3359	462
8789	3359	462
8790	3359	462
8791	3360	461
8792	3360	461
8793	3360	460
8794	3360	460
8795	3361	460
8796	3361	459
8797	3361	459
8798	3362	458
8799	3362	458
8800	3362	458
8801	3362	457
8802	3363	457
8803	3363	456
8804	3363	456
8805	3363	456
8806	3364	455
8807	3364	455
8808	3364	454
8809	3365	454
8810	3365	454
8811	3366	453
8812	3366	453
8813	3366	453
8814	3367	452
8815	3367	452
8816	3367	451
8817	3368	451
8818	3368	451
8819	3368	450
8820	3369	450
8821	3369	449
8822	3369	449
8823	3370	449
8824	3370	448
8825	3370	448
8826	3372	448
8827	3372	447
8828	3373	447
8829	3373	447
8830	3374	446
8831	3374	446
8832	3374	445
8833	3375	445
8834	3375	445
8835	3375	444
8836	3376	444
8837	3376	443
8838	3377	443
8839	3377	443
8840	3377	442
8841	3378	442
8842	3378	442
8843	3378	441
8844	3379	441
8845	3379	440
8846	3379	440
8847	3379	440
8848	3380	439
8849	3380	439
8850	3380	438
8851	3381	438
8852	3381	438
8853	3381	437
8854	3382	437
8855	3382	436
8856	3382	436
8857	3382	436
8858	3383	435
8859	3383	435
8860	3384	435
8861	3384	434
8862	3384	434
8863	3385	433
8864	3385	433
8865	3385	433
8866	3385	432
8867	3386	432
8868	3386	431
8869	3386	431
8870	3386	431
8871	3387	430
8872	3387	430
8873	3387	429
8874	3388	429
8875	3388	429
8876	3388	428
8877	3389	428
8878	3390	428
8879	3390	427
8880	3390	427
8881	3391	426
8882	3391	426
8883	3391	426
8884	3392	425
8885	3392	425
8886	3392	424
8887	3393	424
8888	3393	424
8889	3393	423
8890	3393	423
8891	3394	422
8892	3394	422
8893	3394	422
8894	3394	421
8895	3397	421
8896	3397	421
8897	3398	420
8898	3398	420
8899	3399	420
8900	3399	419
8901	3399	419
8902	3399	418
8903	3400	418
8904	3400	418
8905	3400	417
8906	3401	417
8907	3401	416
8908	3401	416
8909	3402	416
8910	3403	415
8911	3403	415
8912	3403	415
8913	3403	414
8914	3404	414
8915	3404	413
8916	3404	413
8917	3405	413
8918	3405	412
8919	3405	412
8920	3406	411
8921	3406	411
8922	3406	411
8923	3407	410
8924	3407	410
8925	3407	410
8926	3408	409
8927	3408	409
8928	3409	408
8929	3409	408
8930	3410	408
8931	3410	407
8932	3410	407
8933	3411	407
8934	3411	406
8935	3411	406
8936	3412	405
8937	3412	405
8938	3412	405
8939	3413	404
8940	3413	404
8941	3413	403
8942	3414	403
8943	3414	403
8944	3415	402
8945	3415	402
8946	3415	402
8947	3416	401
8948	3416	401
8949	3416	400
8950	3417	400
8951	3417	400
8952	3417	399
8953	3417	399
8954	3417	398
8955	3418	398
8956	3418	398
8957	3418	397
8958	3418	397
8959	3419	396
8960	3419	396
8961	3420	396
8962	3420	395
8963	3421	395
8964	3421	394
8965	3421	394
8966	3421	394
8967	3422	393
8968	3422	393
8969	3423	393
8970	3424	392
8971	3424	392
8972	3425	392
8973	3425	391
8974	3426	391
8975	3426	390
8976	3427	390
8977	3427	390
8978	3428	389
8979	3428	389
8980	3428	389
8981	3430	388
8982	3430	388
8983	3431	388
8984	3431	387
8985	3431	387
8986	3432	386
8987	3432	386
8988	3433	386
8989	3433	385
8990	3433	385
8991	3434	384
8992	3434	384
8993	3434	384
8994	3435	383
8995	3435	383
8996	3435	383
8997	3435	382
8998	3436	382
8999	3436	381
9000	3436	381
9001	3436	381
9002	3437	380
9003	3437	380
9004	3437	379
9005	3438	379
9006	3438	379
9007	3438	378
9008	3439	378
9009	3440	377
9010	3440	377
9011	3440	377
9012	3441	376
9013	3441	376
9014	3441	376
9015	3442	375
9016	3442	375
9017	3442	374
9018	3442	374
9019	3443	374
9020	3443	373
9021	3443	373
9022	3444	372
9023	3444	372
9024	3445	372
9025	3445	371
9026	3445	371
9027	3445	371
9028	3446	370
9029	3446	370
9030	3446	369
9031	3447	369
9032	3447	369
9033	3447	368
9034	3447	368
9035	3448	367
9036	3448	367
9037	3448	367
9038	3448	366
9039	3449	366
9040	3449	365
9041	3449	365
9042	3450	365
9043	3451	364
9044	3452	364
9045	3452	364
9046	3453	363
9047	3453	363
9048	3454	363
9049	3454	362
9050	3454	362
9051	3455	361
9052	3455	361
9053	3456	361
9054	3456	360
9055	3457	360
9056	3457	360
9057	3458	359
9058	3458	359
9059	3458	358
9060	3459	358
9061	3459	358
9062	3459	357
9063	3460	357
9064	3460	356
9065	3460	356
9066	3460	356
9067	3461	355
9068	3461	355
9069	3461	354
9070	3461	354
9071	3462	354
9072	3462	353
9073	3463	353
9074	3463	353
9075	3463	352
9076	3464	352
9077	3464	351
9078	3464	351
9079	3465	351
9080	3465	350
9081	3465	350
9082	3466	349
9083	3466	349
9084	3466	349
9085	3467	348
9086	3467	348
9087	3467	348
9088	3468	347
9089	3468	347
9090	3469	346
9091	3469	346
9092	3469	346
9093	3470	345
9094	3470	345
9095	3470	344
9096	3471	344
9097	3471	344
9098	3471	343
9099	3472	343
9100	3472	343
9101	3472	342
9102	3472	342
9103	3473	341
9104	3473	341
9105	3473	341
9106	3474	340
9107	3474	340
9108	3475	339
9109	3475	339
9110	3476	339
9111	3476	338
9112	3476	338
9113	3477	338
9114	3477	337
9115	3477	337
9116	3478	336
9117	3478	336
9118	3478	336
9119	3478	335
9120	3479	335
9121	3479	334
9122	3479	334
9123	3479	334
9124	3481	333
9125	3481	333
9126	3482	333
9127	3482	332
9128	3482	332
9129	3483	331
9130	3483	331
9131	3483	331
9132	3484	330
9133	3484	330
9134	3484	329
9135	3485	329
9136	3485	329
9137	3485	328
9138	3486	328
9139	3486	328
9140	3487	327
9141	3487	327
9142	3488	326
9143	3488	326
9144	3488	326
9145	3489	325
9146	3489	325
9147	3489	325
9148	3490	324
9149	3490	324
9150	3490	323
9151	3490	323
9152	3491	323
9153	3491	322
9154	3491	322
9155	3492	321
9156	3492	321
9157	3492	321
9158	3493	320
9159	3493	320
9160	3494	319
9161	3494	319
9162	3494	319
9163	3494	318
9164	3495	318
9165	3495	318
9166	3495	317
9167	3495	317
9168	3496	316
9169	3496	316
9170	3496	316
9171	3496	315
9172	3497	315
9173	3497	314
9174	3498	314
9175	3498	314
9176	3499	313
9177	3499	313
9178	3500	313
9179	3500	312
9180	3501	312
9181	3501	311
9182	3501	311
9183	3502	311
9184	3502	310
9185	3502	310
9186	3503	310
9187	3503	309
9188	3503	309
9189	3504	308
9190	3504	308
9191	3504	308
9192	3505	307
9193	3505	307
9194	3506	306
9195	3506	306
9196	3507	306
9197	3507	305
9198	3508	305
9199	3508	305
9200	3508	304
9201	3509	304
9202	3509	303
9203	3509	303
9204	3510	303
9205	3510	302
9206	3511	302
9207	3511	302
9208	3511	301
9209	3512	301
9210	3512	300
9211	3512	300
9212	3513	300
9213	3513	299
9214	3513	299
9215	3514	298
9216	3514	298
9217	3514	298
9218	3514	297
9219	3514	297
9220	3515	296
9221	3515	296
9222	3516	296
9223	3516	295
9224	3517	295
9225	3517	295
9226	3518	294
9227	3518	294
9228	3518	293
9229	3518	293
9230	3519	293
9231	3519	292
9232	3519	292
9233	3519	291
9234	3520	291
9235	3520	291
9236	3520	290
9237	3520	290
9238	3521	290
9239	3521	289
9240	3522	289
9241	3523	288
9242	3523	288
9243	3524	288
9244	3524	287
9245	3524	287
9246	3524	287
9247	3525	286
9248	3525	286
9249	3525	285
9250	3525	285
9251	3526	285
9252	3526	284
9253	3526	284
9254	3527	283
9255	3527	283
9256	3527	283
9257	3527	282
9258	3528	282
9259	3528	281
9260	3529	281
9261	3529	281
9262	3529	280
9263	3529	280
9264	3530	280
9265	3530	279
9266	3530	279
9267	3531	278
9268	3531	278
9269	3531	278
9270	3531	277
9271	3532	277
9272	3532	276
9273	3532	276
9274	3532	276
9275	3533	275
9276	3533	275
9277	3533	274
9278	3533	274
9279	3534	274
9280	3534	273
9281	3535	273
9282	3535	273
9283	3536	272
9284	3536	272
9285	3537	271
9286	3537	271
9287	3537	271
9288	3538	270
9289	3538	270
9290	3538	270
9291	3539	269
9292	3539	269
9293	3539	268
9294	3540	268
9295	3540	268
9296	3541	267
9297	3541	267
9298	3541	266
9299	3542	266
9300	3542	266
9301	3542	265
9302	3542	265
9303	3543	265
9304	3543	264
9305	3543	264
9306	3544	263
9307	3544	263
9308	3544	263
9309	3544	262
9310	3545	262
9311	3545	261
9312	3545	261
9313	3545	261
9314	3546	260
9315	3546	260
9316	3548	260
9317	3548	259
9318	3548	259
9319	3548	258
9320	3549	258
9321	3549	258
9322	3550	257
9323	3550	257
9324	3550	257
9325	3550	256
9326	3551	256
9327	3551	255
9328	3551	255
9329	3551	255
9330	3552	254
9331	3552	254
9332	3552	253
9333	3553	253
9334	3553	253
9335	3554	252
9336	3554	252
9337	3554	252
9338	3554	251
9339	3555	251
9340	3555	250
9341	3555	250
9342	3556	250
9343	3556	249
9344	3556	249
9345	3556	248
9346	3557	248
9347	3557	248
9348	3557	247
9349	3557	247
9350	3558	246
9351	3558	246
9352	3559	246
9353	3559	245
9354	3560	245
9355	3560	245
9356	3560	244
9357	3560	244
9358	3561	243
9359	3561	243
9360	3561	243
9361	3562	242
9362	3562	242
9363	3562	241
9364	3563	241
9365	3563	241
9366	3563	240
9367	3564	240
9368	3564	240
9369	3564	239
9370	3565	239
9371	3565	238
9372	3566	238
9373	3566	238
9374	3566	237
9375	3566	237
9376	3567	236
9377	3567	236
9378	3567	236
9379	3567	235
9380	3568	235
9381	3568	235
9382	3568	234
9383	3568	234
9384	3569	233
9385	3569	233
9386	3569	233
9387	3570	232
9388	3570	232
9389	3571	231
9390	3571	231
9391	3571	231
9392	3572	230
9393	3572	230
9394	3573	230
9395	3573	229
9396	3573	229
9397	3574	228
9398	3574	228
9399	3574	228
9400	3575	227
9401	3575	227
9402	3575	227
9403	3576	226
9404	3576	226
9405	3577	225
9406	3577	225
9407	3577	225
9408	3578	224
9409	3578	224
9410	3578	223
9411	3579	223
9412	3579	223
9413	3579	222
9414	3580	222
9415	3580	222
9416	3580	221
9417	3580	221
9418	3581	220
9419	3581	220
9420	3581	220
9421	3581	219
9422	3582	219
9423	3582	218
9424	3583	218
9425	3583	218
9426	3583	217
9427	3584	217
9428	3584	217
9429	3584	216
9430	3585	216
9431	3585	215
9432	3585	215
9433	3586	215
9434	3586	214
9435	3586	214
9436	3586	213
9437	3586	213
9438	3587	213
9439	3587	212
9440	3587	212
9441	3588	212
9442	3588	211
9443	3589	211
9444	3589	210
9445	3590	210
9446	3590	210
9447	3591	209
9448	3591	209
9449	3591	209
9450	3592	208
9451	3592	208
9452	3592	207
9453	3593	207
9454	3593	207
9455	3593	206
9456	3593	206
9457	3594	205
9458	3594	205
9459	3594	205
9460	3595	204
9461	3595	204
9462	3596	204
9463	3596	203
9464	3596	203
9465	3596	202
9466	3597	202
9467	3597	202
9468	3597	201
9469	3597	201
9470	3598	200
9471	3598	200
9472	3598	200
9473	3599	199
9474	3599	199
9475	3599	199
9476	3600	198
9477	3600	198
9478	3600	197
9479	3601	197
9480	3602	197
9481	3602	196
9482	3602	196
9483	3603	196
9484	3603	195
9485	3604	195
9486	3604	194
9487	3604	194
9488	3604	194
9489	3605	193
9490	3605	193
9491	3605	192
9492	3606	192
9493	3606	192
9494	3606	191
9495	3607	191
9496	3607	191
9497	3607	190
9498	3608	190
9499	3608	189
9500	3608	189
9501	3609	189
9502	3609	188
9503	3609	188
9504	3610	188
9505	3610	187
9506	3610	187
9507	3610	186
9508	3611	186
9509	3611	186
9510	3611	185
9511	3612	185
9512	3612	184
9513	3612	184
9514	3613	184
9515	3613	183
9516	3613	183
9517	3615	183
9518	3615	182
9519	3616	182
9520	3616	181
9521	3616	181
9522	3617	181
9523	3617	180
9524	3617	180
9525	3617	180
9526	3618	179
9527	3618	179
9528	3618	178
9529	3619	178
9530	3619	178
9531	3620	177
9532	3620	177
9533	3620	176
9534	3621	176
9535	3621	176
9536	3621	175
9537	3622	175
9538	3622	175
9539	3622	174
9540	3622	174
9541	3623	173
9542	3623	173
9543	3623	173
9544	3623	172
9545	3624	172
9546	3624	171
9547	3624	171
9548	3624	171
9549	3625	170
9550	3625	170
9551	3626	170
9552	3626	169
9553	3626	169
9554	3627	168
9555	3627	168
9556	3627	168
9557	3628	167
9558	3628	167
9559	3628	167
9560	3629	166
9561	3629	166
9562	3629	165
9563	3630	165
9564	3630	165
9565	3630	164
9566	3631	164
9567	3631	163
9568	3632	163
9569	3632	163
9570	3633	162
9571	3633	162
9572	3633	162
9573	3634	161
9574	3634	161
9575	3634	160
9576	3634	160
9577	3635	160
9578	3635	159
9579	3635	159
9580	3635	159
9581	3636	158
9582	3636	158
9583	3636	157
9584	3636	157
9585	3637	157
9586	3637	156
9587	3637	156
9588	3638	155
9589	3638	155
9590	3638	155
9591	3639	154
9592	3639	154
9593	3639	154
9594	3640	153
9595	3640	153
9596	3640	152
9597	3640	152
9598	3641	152
9599	3641	151
9600	3641	151
9601	3641	150
9602	3642	150
9603	3642	150
9604	3642	149
9605	3642	149
9606	3643	149
9607	3643	148
9608	3644	148
9609	3644	147
9610	3645	147
9611	3645	147
9612	3646	146
9613	3646	146
9614	3646	146
9615	3647	145
9616	3647	145
9617	3647	144
9618	3647	144
9619	3648	144
9620	3648	143
9621	3648	143
9622	3649	142
9623	3649	142
9624	3649	142
9625	3650	141
9626	3650	141
9627	3651	141
9628	3651	140
9629	3651	140
9630	3652	139
9631	3652	139
9632	3652	139
9633	3652	138
9634	3653	138
9635	3653	138
9636	3653	137
9637	3654	137
9638	3654	136
9639	3654	136
9640	3655	136
9641	3655	135
9642	3656	135
9643	3656	134
9644	3656	134
9645	3657	134
9646	3657	133
9647	3657	133
9648	3657	133
9649	3658	132
9650	3658	132
9651	3658	131
9652	3659	131
9653	3659	131
9654	3659	130
9655	3660	130
9656	3660	130
9657	3661	129
9658	3661	129
9659	3662	128
9660	3662	128
9661	3662	128
9662	3663	127
9663	3663	127
9664	3663	126
9665	3664	126
9666	3664	126
9667	3664	125
9668	3664	125
9669	3665	125
9670	3665	124
9671	3665	124
9672	3665	123
9673	3665	123
9674	3666	123
9675	3666	122
9676	3666	122
9677	3666	122
9678	3667	121
9679	3667	121
9680	3668	120
9681	3668	120
9682	3669	120
9683	3669	119
9684	3670	119
9685	3670	118
9686	3671	118
9687	3671	118
9688	3671	117
9689	3671	117
9690	3672	117
9691	3672	116
9692	3672	116
9693	3672	115
9694	3673	115
9695	3673	115
9696	3673	114
9697	3674	114
9698	3674	114
9699	3674	113
9700	3675	113
9701	3676	112
9702	3676	112
9703	3676	112
9704	3677	111
9705	3677	111
9706	3677	111
9707	3677	110
9708	3678	110
9709	3678	109
9710	3678	109
9711	3678	109
9712	3679	108
9713	3679	108
9714	3679	107
9715	3680	107
9716	3680	107
9717	3680	106
9718	3681	106
9719	3681	106
9720	3681	105
9721	3682	105
9722	3682	104
9723	3682	104
9724	3683	104
9725	3683	103
9726	3683	103
9727	3684	103
9728	3684	102
9729	3684	102
9730	3684	101
9731	3685	101
9732	3685	101
9733	3685	100
9734	3685	100
9735	3686	99
9736	3686	99
9737	3687	99
9738	3687	98
9739	3687	98
9740	3688	98
9741	3688	97
9742	3688	97
9743	3688	96
9744	3689	96
9745	3689	96
9746	3689	95
9747	3689	95
9748	3690	95
9749	3690	94
9750	3690	94
9751	3691	93
9752	3691	93
9753	3691	93
9754	3691	92
9755	3692	92
9756	3692	91
9757	3693	91
9758	3693	91
9759	3693	90
9760	3694	90
9761	3694	90
9762	3694	89
9763	3694	89
9764	3695	88
9765	3695	88
9766	3696	88
9767	3696	87
9768	3697	87
9769	3697	87
9770	3697	86
9771	3698	86
9772	3698	85
9773	3699	85
9774	3699	85
9775	3700	84
9776	3700	84
9777	3700	84
9778	3701	83
9779	3701	83
9780	3701	82
9781	3701	82
9782	3702	82
9783	3702	81
9784	3702	81
9785	3703	80
9786	3703	80
9787	3703	80
9788	3703	79
9789	3703	79
9790	3704	79
9791	3704	78
9792	3705	78
9793	3705	77
9794	3705	77
9795	3706	77
9796	3706	76
9797	3706	76
9798	3706	76
9799	3707	75
9800	3707	75
9801	3707	74
9802	3707	74
9803	3708	74
9804	3708	73
9805	3708	73
9806	3708	72
9807	3709	72
9808	3709	72
9809	3709	71
9810	3710	71
9811	3710	71
9812	3711	70
9813	3711	70
9814	3711	69
9815	3712	69
9816	3712	69
9817	3712	68
9818	3713	68
9819	3713	68
9820	3713	67
9821	3714	67
9822	3714	66
9823	3714	66
9824	3714	66
9825	3715	65
9826	3715	65
9827	3715	65
9828	3715	64
9829	3716	64
9830	3716	63
9831	3716	63
9832	3717	63
9833	3718	62
9834	3718	62
9835	3718	62
9836	3719	61
9837	3719	61
9838	3719	60
9839	3719	60
9840	3720	60
9841	3720	59
9842	3720	59
9843	3721	58
9844	3721	58
9845	3721	58
9846	3721	57
9847	3721	57
9848	3722	57
9849	3722	56
9850	3722	56
9851	3723	55
9852	3723	55
9853	3723	55
9854	3724	54
9855	3724	54
9856	3724	54
9857	3725	53
9858	3725	53
9859	3725	52
9860	3726	52
9861	3726	52
9862	3726	51
9863	3727	51
9864	3727	51
9865	3727	50
9866	3728	50
9867	3728	49
9868	3729	49
9869	3729	49
9870	3730	48
9871	3730	48
9872	3730	47
9873	3731	47
9874	3731	47
9875	3731	46
9876	3731	46
9877	3732	46
9878	3732	45
9879	3732	45
9880	3732	44
9881	3733	44
9882	3733	44
9883	3733	43
9884	3733	43
9885	3734	43
9886	3734	42
9887	3734	42
9888	3735	41
9889	3735	41
9890	3735	41
9891	3736	40
9892	3736	40
9893	3736	40
9894	3737	39
9895	3737	39
9896	3737	38
9897	3737	38
9898	3738	38
9899	3738	37
9900	3738	37
9901	3739	37
9902	3739	36
9903	3739	36
9904	3740	35
9905	3740	35
9906	3740	35
9907	3741	34
9908	3741	34
9909	3742	33
9910	3742	33
9911	3743	33
9912	3743	32
9913	3743	32
9914	3744	32
9915	3744	31
9916	3744	31
9917	3745	30
9918	3745	30
9919	3745	30
9920	3745	29
9921	3746	29
9922	3746	29
9923	3746	28
9924	3746	28
9925	3747	27
9926	3747	27
9927	3748	27
9928	3748	26
9929	3749	26
9930	3749	26
9931	3749	25
9932	3749	25
9933	3750	24
9934	3750	24
9935	3750	24
9936	3750	23
9937	3751	23
9938	3751	23
9939	3751	22
9940	3751	22
9941	3752	21
9942	3752	21
9943	3752	21
9944	3753	20
9945	3754	20
9946	3754	20
9947	3755	19
9948	3755	19
9949	3755	18
9950	3756	18
9951	3756	18
9952	3756	17
9953	3757	17
9954	3757	16
9955	3757	16
9956	3758	16
9957	3758	15
9958	3758	15
9959	3758	15
9960	3759	14
9961	3759	14
9962	3760	13
9963	3760	13
9964	3760	13
9965	3761	12
9966	3761	12
9967	3761	12
9968	3762	11
9969	3762	11
9970	3762	10
9971	3762	10
9972	3763	10
9973	3763	9
9974	3763	9
9975	3763	9
9976	3764	8
9977	3764	8
9978	3764	7
9979	3765	7
9980	3765	7
9981	3765	6
9982	3766	6
9983	3766	6
9984	3767	5
9985	3767	5
9986	3767	4
9987	3768	4
9988	3768	4
9989	3768	3
9990	3768	3
9991	3769	3
9992	3769	2
9993	3769	2
9994	3770	1
9995	3770	1
9996	3770	1
9997	3771	0
9998	3771	0
9999	3771	0
